Title	Artist	Genre
Above All	Michael W. Smith	Gospel & Religious
Above All	Michael W. Smith	Gospel & Religious
Abrácense, Millones Vals Op.443	Orchestra Of The Vienna Volksoper	Classical
Abrazame	Julio Iglesias	Latin
Abundance	Govi	New Age
Abundance	Govi	World
Abundance	Govi	New Age
Achy Breaky Heart	Billy Ray Cyrus	Country
Across The Golden Gate	Acoustic Alchemy	New Age
Across The Water	Linda Eder	Easy Listening
Adagio	Wolfgang Amadeus Mozart	Classical
Adagio - Allegro	Nikolaus Harnoncourt	Classical
Adagio molto - Vivace	Nikolaus Harnoncourt	Classical
Adelante!	Culture Beat	Electronica/Dance
Adeste Fideles	Robert Shaw: Shaw Chamber Singers	Holiday
Ae, Ao	Julio Iglesias	Latin
Aegean Wave	Suzanne Ciani	New Age
Afer Ventus	Enya	New Age
Africa Bamba	Santana	Rock
After All These Years	Jim Brickman & Anne Cochran	New Age
After The Fall	Journey	Rock
Against The Wind	David London	New Age
Agnus Dei	Michael W. Smith	Gospel & Religious
Agnus Dei	Michael W. Smith	Gospel & Religious
Agua Dulce, Agua Salá	Julio Iglesias	Latin
The Air That I Breathe	Julio Iglesias & The Beach Boys	Easy Listening
Airwave (Rank 1 Vs. Dutch Force Remix)	Rank 1	Electronica/Dance
Alejate	Josh Groban	Classical
Alive Again	Cher	Electronica/Dance
All At Once	Whitney Houston	R&B
All For Love	Bryan Adams	Rock
All Hail The Power Of Jesus' Name	Hymns	Gospel & Religious
All Hail The Power Of Jesus' Name	Tommy Coomes Band	Gospel & Religious
All I Ask Of You	Phantom Of The Opera Cast	Soundtrack
All I Ask Of You	Sarah Brightman & Cliff Richard	Pop
All I Ever Have To Be	Amy Grant	Gospel & Religious
All I Know Of Love	Barbra Streisand, Josh Groban	Easy Listening
All I Need	Richard Elliot	Jazz
All Is Well	John Adorney	Jazz
All Of You	Julio Iglesias	Latin
All Or Nothing	Cher	Electronica/Dance
All Out Of Love	Air Supply	Easy Listening
All That I Need Is You	Amy Grant	Gospel & Religious
All The Man That I Need	Whitney Houston	R&B
All The Way	Frank Sinatra & Celine Dion	Pop
All The Way My Savior Leads Me	Hymns	Gospel & Religious
Alle Jahre wieder	Various Artists	Holiday
Alle Jahre wieder / Fröhliche Weihnacht überall / Kling Glöckchen	Fischer Chöre	Holiday
Allegheny Moon	Anne Murray	Country
Allegria	Chris Spheeris	New Age
Alleluia	Robert Shaw: Shaw Chamber Singers	Holiday
Alleluja	Sarah Brightman	Pop
Alles Auf Sieg	Bernhard Brink	Unclassifiable
Allura	Chris Spheeris	New Age
Almighty	Wayne Watson	Gospel & Religious
Almost A Whisper	Yanni	New Age
Almost A Whisper (Yanni)	Steven C.	New Age
Always	Chris Spheeris	New Age
Always And Forever	Danny Wright	New Age
Always On My Mind	Willie Nelson	Country
Always You [Bonus Remix]	Jennifer Paige	Pop
Am I Close Enough	Soul Ballet	Jazz
Am I Close Enough	Soul Ballet	Jazz
Amazing Grace	Charlotte Church	Classical
Amazing Grace	Diana Ross	Holiday
Amazing Grace	Guideposts	Books & Spoken
Amazing Grace	José Carreras, Natalie Cole & Plácido Domingo	Holiday
Americana	Michael Pluznick Group	Unclassifiable
Amigos Para Siempre (Friends For Life)(With Jose Carreras)	Sarah Brightman	Pop
Amneris' Letter	Shania Twain	Soundtrack
Amor Perdido	Jessica Cristina	Latin
Amore Amore	Rocci, Rosanna	Unclassifiable
Ancient Of Days	Ron Kenoly	Gospel & Religious
... And Da Livin Is Ez	Soul Ballet	Jazz
And I Love Her	Obo & Sol Luna	Jazz
Andalusian Nights	Govi	New Age
Andan Diciendo	Ramón Ayala & Sus Bravos Del Norte	Latin
Angel	Lionel Richie	Rock
Angel Eyes	Roxy Music	Rock
Angel Flying Too Close To The Ground	Willie Nelson	Country
Angel Of The Morning	Daily, E.G.	Electronica/Dance
Angel Trail	Steven C.	New Age
Angeles	Enya	New Age
Angeleyes	ABBA	Pop
Angelfire	The Rippingtons	Jazz
The Angels Cried	Alan Jackson & Alison Krauss	Holiday
Angels Would Fall	Melissa Etheridge	Rock
Anne's Triumph	Danny Wright	New Age
Annie's Song	John Denver	Rock
Añoranza	Don Grusin	Jazz
Años	Los Fantasmas Del Caribe	Soundtrack
Another Cha-Cha	Santa Esmeralda	Pop
Another Chance	Roger Sanchez	Electronica/Dance
Another Christmas Song	Stephen Colbert	Holiday
Another Suitcase In Another Hall	Sarah Brightman	Pop
Anthem	Ronan Hardiman	World
Anthem	Suzanne Ciani	New Age
Any Dream Will Do	Richard Clayderman	Easy Listening
Anything But Lonely	Sarah Brightman	Pop
Anywhere Is	Enya	New Age
Aphelion	John Adorney	Jazz
Argentine Melody (Cancion De Argentina)	San José featuring Rodriguez Argentina	Soundtrack
Aria	Chris Spheeris	New Age
Aria	Yanni	New Age
Aria	Yanni	New Age
Arise My Soul Arise	Guideposts	Books & Spoken
Around The World (La La La La La)	ATC	Electronica/Dance
The Arrow	Chris Spheeris	New Age
Artist's Life, Op.316	Franz Welser-Möst; London Philharmonic Orchestra	Classical
As It Is In Heaven	Michael W. Smith	Gospel & Religious
As Tears Go By	Marianne Faithfull	Rock
At The Cross	Guideposts	Books & Spoken
Athair Ar Neamh	Enya	New Age
Atomic	Blondie	Rock
Auld Lang Syne	The Christmas Chorale	Holiday
Auld Lang Syne	Straight No Chaser	Holiday
Autumn Day	Peter White	Jazz
Autumn Dreams	Danny Wright	New Age
Ava Maria	Charlotte Church	Classical
Avalon	Roxy Music	Rock
Avalon Sunrise	Daniel Ho & Kilauea	Jazz
Ave Maria	Charlotte Church	Holiday
Ave Maria	Olivia Newton-John	Holiday
Ave Maria	Richard Clayderman	Holiday
Ave Maria	Richard Clayderman	Holiday
Ave Maria	Various Artists	Holiday
Ave Maria	Various Artists	Holiday
Ave Maria (Mascagni)	Plácido Domingo	Holiday
Ave Maria (Schubert)	Joce Carreras	Holiday
Ave Vernum	Various Artists	Holiday
Ave verum	Various Artists	Holiday
Awakenings	Dave Koz	Jazz
Away In A Manger	Bel Air Ensemble	Holiday
Away in a Manger	Encore Children's Chorus	Holiday
Away In A Manger	Various Artists	Holiday
!Ay! Para Navidad	José Carreras;Placido Domingo	Holiday
Baby Come Back To Me (The Morse Code Of Love)	The Manhattan Transfer	Jazz
Bach: Jesu, Joy Of Man's Desiring	Orpheus Chamber Orchestra	Classical
Bach: Recorder Sonata In G Minor, BWV 1030B - Siciliano	Wilhelm Kempff	Classical
Back Home Again	John Denver	Rock
Bahia Del Palmar (Palmar Bay)	Lara & Reyes	World
Baila Morena	Julio Iglesias	Latin
Bailamos	Enrique Iglesias	Latin
Bailamos	Vários Artistas	Latin
Baile Para La Luna	Nicholas Gunn	New Age
Bamboleo	Julio Iglesias	Latin
Banana Boat (Day-O)	Harry Belafonte	Easy Listening
Bang Bang Bang	Tracy Chapman	Folk
Barbara Ann	Papa Doo Run Run	Rock
Barcelona	Jim Stubblefield	World
Barcelona	John Tesh	Pop
Barcelona Nights	Ottmar Liebert	World
Battlefield	Nanci Griffith	Folk
Be Exalted O God (Brent Chambers)	Jeff Hamlin	Gospel & Religious
Be Glorified	Ron Kenoly	Gospel & Religious
Be Mine (Tonight)	Grover Washington Jr.	Jazz
Be My Love	Mario Lanza	Pop
Be Still My Soul	Hymns	Gospel & Religious
Be Thou My Vision	Guideposts	Books & Spoken
Be Thou My Vision	Tommy Coomes Band	Gospel & Religious
Beautiful Music	Amy Grant	Gospel & Religious
Beautiful Noise	Neil Diamond	Pop
Beauty And The Beast	Celine Dion & Peabo Bryson	Pop
Because You Loved Me	John Tesh	Pop
Because You Loved Me	John Tesh	New Age
Because You Loved Me (Theme From "Up Close & Personal")	Celine Dion	Pop
Beckoning	John Adorney	Jazz
Beethovan: Moonlight Sonata	Passport Music	Classical
Beethoven: Bagatelle In A Minor, WoO 59, "Für Elise"	Vladimir Ashkenazy	Classical
Beethoven: Piano Sonata #14 In C Sharp Minor, Op. 27/2, "Moonlight" - 1. Adagio Sostenuto	Emil Gilels	Classical
Beethoven: Piano Sonata #14 In C Sharp Minor, Op. 27/2, "Moonlight" - 1. Adagio Sostenuto	Vladimir Horowitz	Classical
Before I Go	Yanni	New Age
Before The Last Leaf Falls	David Lanz	New Age
Behind The Waterfall / Desert Rain	David Lanz	New Age
Believe	Cher	Electronica/Dance
Bellavia	Chuck Mangione	Jazz
Beloved	David Lanz	Holiday
Beneath The Cross	Hymns	Gospel & Religious
Bernstein: West Side Story - Somewhere	Charlotte Church	Classical
Bernstein: West Side Story - Tonight	Charlotte Church	Classical
The Best Is Yet To Come	Grover Washington Jr.	Jazz
The Best Of Me	Bryan Adams	Rock
Better Off Alone	Alice DeeJay	Electronica/Dance
The Big Rock	Máire Brennan	New Age
Big Sky	The Rippingtons	Jazz
Bilitis-Gènèrique	Sarah Brightman	Pop
Bird Island	Paul Hardcastle	Jazz
Bittersweet	Jim Brickman	New Age
Bizet: Carmen - Habañera	Charlotte Church	Classical
Bizet: Carmen - March Of The Toreadors	Herbert Von Karajan: Berlin Philharmonic Orchestra	Classical
Bizet: Les Pêcheurs De Perles - Je Crois Entendre Encore	Plácido Domingo; Carlo Maria Giulini: Los Angeles Philharmonic Orchestra	Classical
Black Diamond	The Rippingtons	Jazz
Black Diamond (Acoustic Version)	The Rippingtons	Jazz
Black Guitar	Oscar Lopez	Latin
Bless You Child	Bette Midler	Easy Listening
Blessed	Elton John	Pop
Blessed Assurance	Dalton	Gospel & Religious
Blessed Assurance	Hymns	Gospel & Religious
Blessed Be The Name Of The Lord	Don Moen	Gospel & Religious
Blue Eyes	Elton John	Pop
Blue Eyes	Elton John	Pop
Blue Eyes Crying In The Rain	Willie Nelson	Country
Blue Moon Of Kentucky	LeAnn Rimes	Country
Bluegrass State Of Mind	Billy Ray Cyrus	Country
Blueprints Of The Heart	David London	New Age
Boccherini: String Quintet In E, Op. 11/5, G 275 - Minuet	Orpheus Chamber Orchestra	Classical
Body & Soul	Shahin & Sepehr	New Age
Bonaire	Bryan Savage	Jazz
Bondade E Maldade	Cesaria Evora	World
Book Of Days	Enya	New Age
Book Of Days	Symphony Orchestra	Easy Listening
Born In The U.S.A.	Bruce Springsteen	Rock
Born To Be Alive	Groove Criminals	Electronica/Dance
Born To Be With You	Anne Murray	Country
Bossarosa	Obo & Sol Luna	Jazz
Brahma: Lullaby	Passport Music	Classical
Brahms: Hungarian Dance #1, WoO 1/1	Janos Sandor: Hungarian Philharmonic Orchestra	Classical
Brahms: Hungarian Dance #2, WoO 1/2	Janos Sandor: Hungarian Philharmonic Orchestra	Classical
Brahms: Hungarian Dance #3, WoO 1/3	Janos Sandor: Hungarian Philharmonic Orchestra	Classical
Brahms: Hungarian Dance #4, WoO 1/4	Janos Sandor: Hungarian Philharmonic Orchestra	Classical
Brahms: Hungarian Dance #5, WoO 1/5	Janos Sandor: Hungarian Philharmonic Orchestra	Classical
Brahms: Hungarian Dance #6, WoO 1/6	Janos Sandor: Hungarian Philharmonic Orchestra	Classical
Brahms: Hungarian Dance #7, WoO 1/7	Janos Sandor: Hungarian Philharmonic Orchestra	Classical
Brahms: Hungarian Dance #8, WoO 1/8	Janos Sandor: Hungarian Philharmonic Orchestra	Classical
Brahms: Hungarian Dance #9, WoO 1/9	Janos Sandor: Hungarian Philharmonic Orchestra	Classical
Brahms: Hungarian Dance #11, WoO 1/11	Janos Sandor: Hungarian Philharmonic Orchestra	Classical
Brahms: Hungarian Dance #12, WoO 1/12	Janos Sandor: Hungarian Philharmonic Orchestra	Classical
Brand New Start	Amy Grant	Gospel & Religious
Breakdown	Melissa Etheridge	Rock
Breath Of Heaven (Mary's Song)	Amy Grant	Holiday
Breathe	Marie Barnett	Gospel & Religious
Breathe Again	Chuck Loeb	Jazz
Breathe In Me (Trilogy 2 Of 3)	Michael W. Smith	Gospel & Religious
Bridge Over Troubled Water	Simon & Garfunkel	Pop
Britten: Ceremony Of Carols - Procession	Robert Shaw: Shaw Chamber Singers	Holiday
Brothers Under The Sun	Bryan Adams	Soundtrack
Bullseye	Peter White	Jazz
Buscame	Jose Luis Encinas	World
Buscame (Version Cantada)	Jose Luis Encinas	World
C'est Magnifique	Santa Esmeralda	Pop
Caccini: Ave Maria	Andrea Bocelli	Holiday
Caja De Cerillas	Johannes Linstead	Latin
California Girls	Papa Doo Run Run	Rock
California Stars	Billy Bragg & Wilco	Country
Call Me	Blondie	Rock
Calling Heaven	Michael W. Smith	Gospel & Religious
Can You Dig It	Grover Washington Jr.	Jazz
Can You Feel The Love Tonight	Elton John	Pop
Can You Feel The Love Tonight [Live]	Elton John	Pop
Can You Feel The Love Tonight?	John Tesh	New Age
Can't Help Falling In Love	Julio Iglesias	Latin
Can't Keep Me Silent	Angelic	Electronica/Dance
Cancion Triste	Jesse Cook	World
Candle In The Wind	Richard Clayderman	Easy Listening
Cannonball Run Theme	Chuck Mangione	Jazz
Cante Kian	Shahin & Sepehr	Jazz
Cante Kian	Shahin & Sepehr	New Age
Canto Della Terra	Andrea Bocelli	Classical
Cape Elizabeth	Tim Janis	New Age
Capture The Moment	David London	New Age
Careless Whisper	George Michael	Pop
Careless Whisper	Richard Clayderman	Easy Listening
Caribbean Blue	Enya	New Age
Caribbean Dream	Bryan Savage	Jazz
Caribean Breeze	The Rippingtons	Jazz
Carino	Chris Spheeris	New Age
Carnaval De Sao Vicente	Cesaria Evora	World
Carol of the Drum [Little Drummer Boy]	Jose Carreras & Diana Ross	Holiday
Carry Me Away	Govi	New Age
Cassandra	ABBA	Pop
Castles In The Sky	Ian Van Dahl	Electronica/Dance
Castles In The Sky	Ian Van Dahl	Electronica/Dance
Catalani: La Wally - Ne Andrò Lontano	Sarah Brightman	Pop
Catalina Kiss	Acoustic Alchemy	Jazz
Catch A Falling Star	Perry Como	Easy Listening
Cazador De Hielo	Jose Luis Encinas	World
Celebration	John Adorney	Jazz
Celestial Soda Pop	Ray Lynch	New Age
Celos	Los Fantasmas Del Caribe	Soundtrack
Chances Are	Johnny Mathis	Easy Listening
Change My Heart, Oh God	Roby Duke	Gospel & Religious
Chanson D'Amour	The Manhattan Transfer	Jazz
Chanson D'Enfance	Sarah Brightman	Pop
Chasing The Dawn	Peter White	Jazz
Check It Out	Karmadelic Feat. Sandy B.	Electronica/Dance
Cheldorado	Hans Zimmer	Soundtrack
Chiaroscuro	Johannes Linstead	Latin
The Child In Us	Enigma	New Age
The Child In Us		Rock
China Roses	Enya	New Age
Chiquitita	ABBA	Pop
Chopin: Berceuse In D Flat, Op. 57, B 154	Nikita Magaloff	Classical
Chopin: Etude #3 In E, Op. 10/3, CT 16, "Tristesse"	André Rieu	Classical
Chopin: Etude #3 In E, Op. 10/3, CT 16, "Tristesse"	Vladimir Ashkenazy	Classical
Chopin: Etude In E, Op. 10/3, CT 16 - Dans La Nuit	Sarah Brightman	Pop
Chopin: Nocturne #1 In B Flat Minor, Op. 9/1, CT 108	Nikita Magaloff	Classical
Chopin: Nocturne #1 In B Flat Minor, Op. 9/1, CT 108	Vladimir Ashkenazy	Classical
Chopin: Nocturne #2 In E Flat, Op. 9/2, CT 109	Nikita Magaloff	Classical
Chopin: Nocturne #2 In E Flat, Op. 9/2, CT 109	Vladimir Ashkenazy	Classical
Chopin: Nocturne #3 In B, Op. 9/3, CT 110	Nikita Magaloff	Classical
Chopin: Nocturne #4 In F, Op. 15/1, CT 111	Nikita Magaloff	Classical
Chopin: Nocturne #5 In F Sharp, Op. 15/2, CT 112	Nikita Magaloff	Classical
Chopin: Nocturne #6 In G Minor, Op. 15/3, CT 113	Nikita Magaloff	Classical
Chopin: Nocturne #7 In C Sharp Minor, Op. 27/1, CT 114	Nikita Magaloff	Classical
Chopin: Nocturne #8 In D Flat, Op. 27/2, CT 115	Nikita Magaloff	Classical
Chopin: Nocturne #9 In B, Op. 32/1, CT 116	Nikita Magaloff	Classical
Chopin: Nocturne #10 In A Flat, Op. 32/2, CT 117	Nikita Magaloff	Classical
Chopin: Prelude #4 In E Minor, Op. 28/4	Claudio Arrau	Classical
Chopin: Prelude #15 In D Flat, Op. 28/15, "Raindrop"	Vladimir Horowitz	Classical
Chopin: Waltz #1 In E Flat, Op. 18, "Grande Valse Brillante"	Malcolm Norman	Classical
Chopin: Waltz #2 In A Flat, Op. 34/1, "Valse Brillante"	Malcolm Norman	Classical
Chopin: Waltz #3 In A Minor, Op. 34/2, "Grand Valse Brillante"	Malcolm Norman	Classical
Chopin: Waltz #4 In F, Op. 34/3, "Valse Brillante"	Malcolm Norman	Classical
Chopin: Waltz #6 In D Flat, Op. 64/1, "Minute"	Malcolm Norman	Classical
Chopin: Waltz #6 In D Flat, Op. 64/1, "Minute"	Tamas Vasary	Classical
Chopin: Waltz #7 In C Sharp Minor, Op. 64/2	Malcolm Norman	Classical
Chopin: Waltz #7 In C Sharp Minor, Op. 64/2	Vladimir Horowitz	Classical
Chopin: Waltz #8 In A Flat, Op. 64/3	Malcolm Norman	Classical
Chopin: Waltz #9 In A Flat, Op. 69/1, "L'Adieu"	Malcolm Norman	Classical
Chopin: Waltz #10 In B Minor, Op. 69/2	Malcolm Norman	Classical
Chopin: Waltz #12 In F Minor, Op. 70/2	Malcolm Norman	Classical
Chopin: Waltz #13 In D Flat, Op. 70/3	Malcolm Norman	Classical
A Christmas Festival	Arthur Fiedler: Boston Pops Orchestra	Holiday
Christmas Hymm	Billy Childs	Holiday
Christmas Like Mama Used To Make It	Tracy Byrd	Holiday
Christmas Oratorio - Rejoice & Sing,	Robert Shaw: Shaw Chamber Singers	Holiday
The Christmas Song	Natalie Cole	Holiday
The Christmas Song (Chestnuts Roasting On An Open Fire)	Charlotte Church	Holiday
The Christmas Song (Chestnuts Roasting On An Open Fire)	Trisha Yearwood	Holiday
The Christmas Song [Instrumental]	Larry Carlton	Holiday
Christmas Time Is Here	David Benoit	Holiday
Christmas Waltz	Amy Grant	Holiday
Cinderella	Lionel Richie	Rock
City Of Lights	Peter White	Jazz
City Of New Orleans	Willie Nelson	Country
Closer To Heaven	The Alan Parsons Project	Rock
Closer To Me	Olivia Newton-John	Country
Clouds Over Rio	Shahin & Sepehr	Jazz
Club Paradiso	The Rippingtons	Jazz
Coconut	Obo & Sol Luna	Jazz
Come Away With Me	Norah Jones	Pop
Come Back (Love Has Got A Hold On Me)	Haddaway	Pop
Come Let Us Worship And Bow Down	The Maranatha! Singers	Gospel & Religious
Come Now Is The Time To Worship	Brian Doerksen	Gospel & Religious
Come Thou Almighty King	Guideposts	Books & Spoken
Come Undone		Rock
Come, Thou Fount Of Every Blessing	Tommy Coomes Band	Gospel & Religious
Cominando Por La Calle	Gipsy Kings	World
Como Baila (Radio Mix)	Grupo Manía	Latin
Con El Dedito	Vários Artistas	Latin
Concerto #1 In D, K.412 - I. Allegro	Wolfgang Amadeus Mozart	Classical
Concerto #1 In D, K.412 - II. Rondo (Allegro)	Wolfgang Amadeus Mozart	Classical
Concerto #2 In Eb, K.417 - I. Allegro Maestoso	Wolfgang Amadeus Mozart	Classical
Concerto #2 In Eb, K.417 - II. Andante	Wolfgang Amadeus Mozart	Classical
Concerto #3 In Eb, K.447 - I. Allegro	Wolfgang Amadeus Mozart	Classical
Concerto #3 In Eb, K.447 - II. Romanze (Larghetto)	Wolfgang Amadeus Mozart	Classical
Concerto #3 In Eb, K.447 - III. Allegro	Wolfgang Amadeus Mozart	Classical
Concerto #4 In Eb, K.495 - I. Allegro Moderato	Wolfgang Amadeus Mozart	Classical
Concerto #4 In Eb, K.495 - II. Romanze (Andante)	Wolfgang Amadeus Mozart	Classical
Concerto #4 In Eb, K.495 - III. Rondo (Allegro Vivace)	Wolfgang Amadeus Mozart	Classical
Coral Beach	Obo & Sol Luna	Jazz
Could I Have This Kiss Forever	Whitney Houston	R&B
Could It Be I'm Falling In Love	Peter White	Jazz
Coumba	Orchestra Baobab	World
Courage of the Wind	David Lanz	New Age
Courthouse	Chris Isaak	Rock
The Coventry Carol	Charlotte Church	Holiday
Cover To Cover	Billy Ray Cyrus	Country
The Cowboy And The Lady	John Denver	Rock
Cracklin' Rosie	Neil Diamond	Rock
Crazy	Willie Nelson	Country
Cristofori's Dream	David Lanz	New Age
Cristofori's Dream	David Lanz	New Age
Crocodile Rock [Live]	Elton John	Pop
Crooked River	Jim Brickman	New Age
Crown Him With Many Crowns	Tommy Coomes Band	Gospel & Religious
Cruising For Bruising	Basia	Pop
Crush	Jellyhead (Motiv8's Pumphouse 7' Edit)	Electronica/Dance
Crush	Jennifer Paige	Pop
Cry	Johnnie Ray	Pop
Cry	Johnnie Ray & The Four Lads	Easy Listening
Cry For Love	Michael W. Smith	Gospel & Religious
Cryin' Time	Ray Charles,Barbra Streisand	Easy Listening
Crying	Glen Campbell	Country
Crying At The Discoteque	Alcazar	Electronica/Dance
Crystal Palace	Oystein Sevag	Holiday
Culture	Chris Spheeris	New Age
Da Ya Think I'm Sexy?	Rod Stewart	Rock
Daddy DJ	Daddy DJ	Electronica/Dance
Dame, Dame, Dame (Gimme, Gimme, Gimme)	Jessica Cristina	Latin
Dança Ma Mi Criola	Tito Paris	World
Dance Away	Roxy Music	Rock
Dance Into The Light	Phil Collins	Pop
Dancing Queen	A*Teens	Pop
Dancing Queen	ABBA	Pop
Dancing Waves	TIAN	Classical
Dancing With The Muse	Chris Spheeris	New Age
Daniel	Elton John	Pop
Daniel [Live]	Elton John	Pop
Danza Del Mango	Govi	New Age
Day By Day	Hymns	Gospel & Religious
A Day Without Rain	Enya	New Age
De Nina A Mujer	Julio Iglesias	Latin
Debussy: Preludes, Book 1, L 117 - #8, La Fille Aux Cheveux De Lin	Jorge Bolet	Classical
Debussy's Claire De Lune	Steven C.	New Age
Deep Powder	The Rippingtons	Jazz
Deeper Than The Night	Olivia Newton-John	Pop
Delibes: Lakmé - The Flower Duet	Charlotte Church	Classical
Deliver Me	Sarah Brightman	Pop
... denn es ist Weihnachtszeit	Fischer Chöre	Holiday
Denn Es War Ihr Lachen	Simone	Unclassifiable
Deora Ar Mo Chroi	Enya	New Age
Departures	Danny Wright	New Age
Der Deutsche Hitmix No.3 - Block A	Various Artists	Folk
Der Deutsche Hitmix No.3 - Block A	Various Artists	Folk
Der Deutsche Hitmix No.3 - Block B	Various Artists	Folk
Der Deutsche Hitmix No.3 - Block B	Various Artists	Folk
Der Deutsche Hitmix No.3 - Block C	Various Artists	Folk
Der Deutsche Hitmix No.3 - Block C	Various Artists	Folk
Der Deutsche Hitmix No.3 - Block D	Various Artists	Folk
Der Deutsche Hitmix No.3 - Block D	Various Artists	Folk
Der Deutsche Hitmix No.3 - Block E	Various Artists	Folk
Der Deutsche Hitmix No.3 - Block E	Various Artists	Folk
Der Deutsche Hitmix No.3 - Block F	Various Artists	Folk
Der Deutsche Hitmix No.3 - Block F	Various Artists	Folk
Der Deutsche Hitmix No.3 - Block G	Various Artists	Folk
Der Deutsche Hitmix No.3 - Block G	Various Artists	Folk
Der Deutsche Hitmix No.3 - Block H	Various Artists	Folk
Der Deutsche Hitmix No.3 - Block H	Various Artists	Folk
Der Deutsche Hitmix No.3 - Block I	Various Artists	Folk
Der Deutsche Hitmix No.3 - Block I	Various Artists	Folk
Der Deutsche Hitmix No.3 - Block J	Various Artists	Folk
Der Deutsche Hitmix No.3 - Block J	Various Artists	Folk
Der Deutsche Hitmix No.3 - Block K	Various Artists	Folk
Der Deutsche Hitmix No.3 - Block K	Various Artists	Folk
Der Letzte Tango	Frans Bauer	Unclassifiable
Der Vogelfanger bin ich ja ("Papageno's Aria")	Wolfgang Amadeus Mozart	Classical
Desafinado	George Michael & Astrud Gilberto	Pop
Desiree	Neil Diamond	Pop
Devotion	Jim Brickman	New Age
Didn't We Almost Have It All	Whitney Houston	R&B
Dies bildnis ist bezaubernd schon ("Tamino's Aria")	Wolfgang Amadeus Mozart	Classical
A Different Kind Of Love Song	Cher	Electronica/Dance
Ding Dong! Merrily On High	Charlotte Church	Holiday
Disco Inferno	Cyndi Lauper	Electronica/Dance
Do You Hear What I Hear	Paulist Boy Choristers of California	Holiday
Does Your Mother Know	ABBA	Pop
Doin' Everything With You	Chuck Mangione	Jazz
Dokte	Ralph Thamar	World
Don't Answer Me	The Alan Parsons Project	Rock
Don't Cry For Me Argentina	Sarah Brightman	Pop
Don't Cry For Me Argentina [Clean]	Madonna	Pop
Don't Go Breaking My Heart [Live]	Elton John & Kiki Dee	Pop
Don't It Make My Brown Eyes Blue	Crystal Gayle	Country
Don't Know Why	Norah Jones	Pop
Don'T Leave Me This Way	Groove Criminals	Electronica/Dance
Don't Let Go (with Sarah McLachlan)	Bryan Adams	Soundtrack
Don't Let Me Be Misunderstood	Groove Criminals	Electronica/Dance
Don't Let Me Be Misunderstood	Santa Esmeralda	Soundtrack
Don't Let Me Be Misunderstood/Esmeralda Suite	Santa Esmeralda	Pop
Don't Let The Sun Down On Me	George Michael & Elton John	Pop
Don't Let The Sun Go Down On Me	George Michael & Elton John	Pop
Don't Let The Sun Go Down On Me [Live]	Elton John	Pop
Don't Let This Moment End	Gloria Estefan	Latin
Don't Look Back	Dave Koz	Jazz
Don't Need A Gun	Billy Idol	Rock
Don't Need A Gun	Billy Idol	Rock
Don't You (Forget About Me)	Billy Idol	Rock
Dona Nobis Pacem	Michael Manring	Holiday
Donde Florecen Los Limoneros Vals Op.364	Orchestra Of The Vienna Volksoper	Classical
Dor Di Amor	Cesaria Evora	World
Doubly Good To You	Amy Grant	Gospel & Religious
Downtown Train	Rod Stewart	Rock
Drake's Drum	Acoustic Alchemy	New Age
Draw Me Close	Michael W. Smith	Gospel & Religious
Draw Tua Bethlehem/Far Over Bethlehem	Charlotte Church	Holiday
Dream A Dream	Charlotte Church	Holiday
The Dream Of The Dolphin	Enigma	New Age
Dream Spiral	Hilary Stagg	New Age
Dreamcatcher	Secret Garden	New Age
Dreamer's Waltz	David Lanz	Holiday
Dreamer's Waltz	David Lanz	New Age
Dreaming	Blondie	Rock
Dreaming On A World	Tracy Chapman	Folk
Dreamland	Black Box	Electronica/Dance
Dreamland Express	John Denver	Rock
Drifting	Suzanne Ciani	New Age
Drive	The Cars	Rock
Drive	The Cars	Rock
Du Ich Lieb' Dich	Fantasy	Unclassifiable
Dulce Dulce	Los Fantasmas Del Caribe	Soundtrack
Dust In The Wind	Sarah Brightman	Pop
Dvořák: Lied An Den Mond	André Rieu	Classical
Dvorak: Rusalka, Op. 144, B 203, "La Luna"	Sarah Brightman	Pop
Dvořák: Symphony #9 In E Minor, Op. 95, B 178, "From The New World" - 2. Largo	André Rieu	Classical
Eagle	ABBA	Pop
Earth Story	Nicholas Gunn	New Age
East River Drive	Grover Washington Jr.	Jazz
East/West Highway	Shahin & Sepehr	New Age
Easy As Life	Tina Turner & Angelique Kidjo	Soundtrack
Echo Of Time	Cheryl Gunn	New Age
El Amor No Se Puede Olvidar	Pimpinela	Latin
El Choclo	Julio Iglesias	Latin
El Dorado	Elton John	Soundtrack
El Farol	Santana	Rock
El Muro	Enrique Iglesias	Latin
El Muro	Enrique Iglesias	Latin
Elaborate Lives	Heather Headley	Soundtrack
Elecktra	Chris Spheeris	New Age
Embrace	Bee Gees	Pop
Embrace	Chris Spheeris	New Age
Emmanuel, God With Us	Amy Grant	Holiday
Emperor Waltz, Op.437	Franz Welser-Möst; London Philharmonic Orchestra	Classical
Empty Garden (Hey Hey Johnny)	Elton John	Pop
En Aranjuez Con Tu Amor	Sarah Brightman	Pop
Enamorado Por Primera Vez	Enrique Iglesias	Latin
Enchantment	Yanni	New Age
The End Of August	Yanni	New Age
The End Of August	Yanni	New Age
The End Of The World	Vonda Shepard	Rock
Endless Love	Diana Ross & Lionel Richie	Easy Listening
Endless Love	Kenny Rogers	Country
Entre Ella Y Yo	Edith Márquez	Latin
Entry March, Op.327	Carl Michalski: Vienna Volksoper Orchestra	Classical
Eqinox	Nicholas Gunn	New Age
Er Ist Perfekt	Ingrid Peters	Unclassifiable
Eros	Chris Spheeris	New Age
Es Geht Uns So Gut	Leonard	Unclassifiable
Es Ist Ein Ros Entsprungen	Various Artists	Holiday
Es ist ein Ros' entsprungen	Various Artists	Holiday
Es Ist Noch Immer Gut Gegangen	Peter Orloff	Unclassifiable
Es Reicht Zum Glücklichsein...	Claudia Christina	Unclassifiable
Escapar	Enrique Iglesias	Latin
Escape	Enrique Iglesias	Latin
Esperanza	Enrique Iglesias	Latin
Estanhadinha	Cesaria Evora	World
Eternal Light	Santa Esmeralda	Pop
Evacuee	Enya	New Age
Evening Falls	Enya	New Age
Everlasting Love (Video Version)	Gloria Estefan	Latin
Everlasting Place	Nikki Leonti	Gospel & Religious
Every Breath You Take (with Sting)	Tammy Wynette	Country
Every Moment	Nikki Leonti	Gospel & Religious
Every Moment With You	Earl Klugh	Jazz
Every Moment With You	Earl Klugh	Jazz
Every Step Of The Way	David Benoit	Jazz
Everybody Everybody	Black Box	Electronica/Dance
(Everything I Do) I Do It For You	Bryan Adams	Rock
(Everything I Do) I Do It For You	John Tesh	New Age
(Everything I Do) I Do It For You	Richard Clayderman	Easy Listening
Everything My Heart Desires	Mandy Moore	Pop
Everything's Comin' Up Roses	Nanci Griffith	Folk
Exile	Enya	New Age
Exotique	Soul Ballet	Jazz
Face In The Photograph	Yanni	New Age
A Face to the Wind		Jazz
Fairest Lord Jesus	Guideposts	Books & Spoken
Faith Of Our Fathers	Guideposts	Books & Spoken
Faithfully	Journey	Rock
Falda De Jade (Jade Skirt)	Lara & Reyes	World
Fallen Embers	Enya	New Age
Falso Testemunho	Maria Alice	World
Falta Tanto Amor	Enrique Iglesias	Latin
Family	Amy Grant	Gospel & Religious
Fantasy	Black Box	Electronica/Dance
Farewell	Yanni	New Age
Father Figure	George Michael	Pop
FATHER I Adore You	The Maranatha! Singers	Gospel & Religious
Feel The Breeze	Paul Hardcastle	Jazz
Feeling It All	Hilary Stagg	New Age
Feels So Good	Chuck Mangione	Jazz
Felices Dias	Gipsy Kings	World
Felitsa	Yanni	New Age
Felitsa	Yanni	New Age
Fernando	ABBA	Pop
Festival (Of 7 Lights)	Ottmar Liebert	World
Fever	Madonna	Pop
Fight For Our Love	Olivia Newton-John	Country
Finale - Spirituoso	Nikolaus Harnoncourt	Classical
Finale: Presto	Nikolaus Harnoncourt	Classical
The First Noel	David Benoit	Holiday
The First Noel	Music Circle Band	Holiday
The First Noël	Tracy Silverman & Thea Suits-Silverman	Holiday
The First Noel/Christmas Eve Waltz	David Lanz	Holiday
The First Nowell	Robert Shaw: Shaw Chamber Singers	Holiday
The First Time Ever I Saw Your Face	Celine Dion	Pop
First Touch	Yanni	New Age
Flamenco Legato	John Tesh	New Age
Flight Of Fantasy	Yanni	New Age
Flora's Secret	Enya	New Age
Florian's Cafe	Shahin & Sepehr	World
Flotow: Martha - Die Letzte Rose	André Rieu	Classical
Fly Away	John Denver	Rock
Follow Me Home	Dave Koz	Jazz
Forever	Dee Dee	Electronica/Dance
Forever And A Day	Hilary Stagg	New Age
Forever And Ever, Amen	Randy Travis	Country
Forever Dreamin'	Paul Hardcastle	Jazz
Forever In Blue Jeans	Neil Diamond	Pop
Forever Young	Rod Stewart	Rock
Fragile	John Tesh	New Age
Franck: Panis Angelicus	Andrea Bocelli	Holiday
Friends	Danny Wright	New Age
Friends Never Say Goodbye	Elton John	Soundtrack
Frohe Weihnacht	Fischer Chöre	Holiday
From A Distance	Richard Clayderman	Easy Listening
From A Jack To A King	Elvis Presley	Country
From Heaven To Earth	Nicholas Gunn	New Age
From The Start	Steve Cole	Jazz
From Where I Am	Enya	New Age
From Within	Danny Wright	New Age
A Gal In Calico	The Manhattan Transfer	Jazz
Gentle On My Mind (L)	Campbell, Glen	Country
Georgia On My Mind	Willie Nelson	Country
Gershwin: Rhapsody In Blue (Finale)	James Levine: Chicago Symphony Orchestra	Classical
Get Happy / Happy Days Are Here Again	Barbra Streisand,Judy Garland	Easy Listening
Get It On!!!	Soul Ballet	Jazz
Ghost Box	Black Box	Electronica/Dance
The Gift	John Adorney	Jazz
Gift of Love	Plácido Domingo	Holiday
Gimme! Gimme! Gimme!	A*Teens	Pop
Gimme! Gimme! Gimme! (A Man After Midnight)	ABBA	Pop
Gira Con Me	Josh Groban	Classical
Gitano Soy	Gipsy Kings	World
Give It All You Got	Chuck Mangione	Jazz
Give Me The Night	Randy Crawford	R&B
Give Thanks	Don Moen	Gospel & Religious
Givin' Up On You	Lara Fabian	Pop
Glad I Waited Just For You	Reba McEntire	Country
Glockengeläute Der Frauenkirche München	Various Artists	Holiday
Glockengeläute der Frauenkirche München	Various Artists	Holiday
Glockengeläute Des Domes In Breslau	Various Artists	Holiday
Glöckengeläute des Domes zu Mainz	Various Artists	Holiday
Glockengeläute Des Domes Zu Speyer	Various Artists	Holiday
Glockengeläute des Nürnberger Doms	Various Artists	Holiday
Glockengeläute Vom Dom Zu Mainz	Various Artists	Holiday
Glockengeläute Vom Nürnberger Dom	Various Artists	Holiday
Gloria	Santa Esmeralda	Pop
Glorify Thy Name	The Maranatha! Singers	Gospel & Religious
Glory	Danny Daniels	Gospel & Religious
Glow	Peter White	Jazz
Go Away From My World	Marianne Faithfull	Rock
God Loves You	Jaci Velasquez	Soundtrack
God Rest Ye Merry Gentleman	Charlotte Church	Holiday
God Will Make A Way	Don Moen	Gospel & Religious
Goodbye Yellow Brick Road [Live]	Elton John	Pop
Goodnight Moon	John Tesh	Easy Listening
Got In Going On	Steve Cole	Jazz
Gott Ist Mein Lied	Various Artists	Holiday
Gounod: Ave Maria	Andrea Bocelli	Holiday
Granada	Plácido Domingo	Classical
Grand Passion	John Tesh	Pop
Great Is The Lord	Michael W. Smith	Gospel & Religious
Great Is Thy Faithfulness	Hymns	Gospel & Religious
Great Is Thy Faithfulness	The John Tesh Project	Gospel & Religious
Great Is Thy Faithfulness	Tommy Coomes Band	Gospel & Religious
Greatest Love Of All	Whitney Houston	R&B
Greatest Love Of All (Junior Vasquez Mix)	Whitney Houston	R&B
The Green Talisman	Santa Esmeralda	Pop
Grieg: Peer Gynt Suite #1, Op. 46 - Morning Mood	James Levine: Chicago Symphony Orchestra	Classical
Groove With Me Tonight (Pablo Flores Spanglish Remix)	MDO	Latin
Grown Up Christmas List	Amy Grant	Holiday
Gruber: Silent Night	Andrea Bocelli	Holiday
Guardian Angel	Danny Wright	New Age
Guilty	Barbra Streisand & Barry Gibb	Easy Listening
Gypsy Heart	Govi	New Age
Gypsy Magic	Govi	New Age
Habla Me	Gipsy Kings	World
Habla Noche, Canta Luna	Los Fantasmas Del Caribe	Soundtrack
Halcyon Days	John Tesh	Easy Listening
Half Enough	Lorrie Morgan	Country
Hallellujah, What A Savior	Tommy Coomes Band	Gospel & Religious
“Hallelujah” Chorus	Arthur Fiedler: Boston Pops Orchestra	Holiday
Handel: Messiah, HWV 56 - Hallelujah Chorus	The English Concert	Classical
Handel: Rinaldo, HWV 7 - Lascio Ch'io Pianga	Sarah Brightman	Pop
Handel: Serse, HWV 40 - Frondi Tenere ... Ombra Mai Fu	Andrea Bocelli	Holiday
Hapiness-Polka	Jimmy Sturr	Jazz
Happy Home	Boney James	Jazz
Hark, the Herald Angels Sing	Amy Grant	Holiday
Hark! The Hearld Angels Sing	Music Circle Band	Holiday
Hark! The Herald Angels Sing	Charlotte Church	Holiday
Harlem Nocturne	Bryan Savage	Jazz
Have A Heart	Bonnie Raitt	Rock
Have I Told You Lately	Rod Stewart	Rock
Have I Told You Lately That I Love You	Kenny Rogers	Country
Have You Ever Been Mellow	Olivia Newton-John	Pop
Have You Ever Really Loved A Woman	Bryan Adams	Rock
Have You Ever Really Loved A Woman	John Tesh	New Age
Have Yourself A Merry Little Christmas	Amy Grant	Holiday
Have Yourself A Merry Little Christmas	Martina McBride	Holiday
Haven't Stopped Dancing Yet	Gonzalez	Soundtrack
Haydn # 86, II. Capriccio (Largo)	Franz Joseph Haydn	Classical
Haydn # 86, IV. Finale (Allegro con Spirito)	Franz Joseph Haydn	Classical
Haydn #22, II. Presto	Franz Joseph Haydn	Classical
Haydn #22, III. Menuetto & Trio	Franz Joseph Haydn	Classical
Haydn #22, IV. Finale (Presto)	Franz Joseph Haydn	Classical
Haydn #102, III. Minuet (Allegretto) & Trio	Franz Joseph Haydn	Classical
Haydn #102, IV. Finale (Presto)	Franz Joseph Haydn	Classical
He Has Made Me Glad	The Maranatha! Singers	Gospel & Religious
He Hideth My Soul	Hymns	Gospel & Religious
He Is Exalted	Twila Paris	Gospel & Religious
He Is Lord	The Maranatha! Singers	Gospel & Religious
He Leadeth Me	Hymns	Gospel & Religious
He Who Began A Good Work	Steve Green	Gospel & Religious
He's Alive	Dolly Parton	Country
Head Over Heels	ABBA	Pop
Heal This Land	Máire Brennan	New Age
Heart Of Glass	Blondie	Rock
Heart Still/Beating	Ottmar Liebert	World
Heart to Heart	Larry Carlton	Jazz
Heartbeat		Rock
Heaven (Waiting There For Me)	Ronan Hardiman	World
Heaven Can Wait	Dave Grusin	Jazz
Heaven Must Have Sent You	Bonnie Pointer	Soundtrack
Heaven's What I Feel	Gloria Estefan	Latin
Heaven's What I Feel	Gloria Estefan	Latin
Heilig Aus Der Deutschen Messe	Various Artists	Holiday
Heilige Nacht	Various Artists	Holiday
Heinz	Baginsky, Gaby	Unclassifiable
Help Me Make It Through The Night	Elvis Presley	Country
Help Me Make It Through The Night	Joan Baez	Folk
Helpless	The Manhattan Transfer	Jazz
Her Joyride	Soul Ballet	Jazz
Her Mood	Soul Ballet	Jazz
Here Comes The Sun	Linda Eder	Easy Listening
Here I Am	Bryan Adams	Soundtrack
Here I Am (End Title)	Bryan Adams	Soundtrack
Here In Your Presence	Charlie LeBlanc	Gospel & Religious
Here Is My Heart	Lionel Richie	Rock
Here's To Life	Pepper Mashay	Electronica/Dance
Hero	Enrique Iglesias	Latin
Hero	Mariah Carey	Pop
Heroe	Enrique Iglesias	Latin
Herzdame	Olaf Henning	Unclassifiable
Hesitating Beauty	Billy Bragg & Wilco	Country
Heuberger: Komm Mit Mir Ins Chambre Séparée	André Rieu	Classical
Hey	Julio Iglesias	Latin
Hey There	Anne Murray	Country
Hiding In Thee	Hymns	Gospel & Religious
High Spirits	Govi	New Age
Hill Where The Lord Hides	Chuck Mangione	Jazz
Hit Auf Hit-Mix	Moonbeats	Unclassifiable
Hold On	Black Box	Electronica/Dance
The Holly & The Ivy	Larry Carlton	Holiday
Holy And Anointed One	Randy Butler	Gospel & Religious
Holy, Holy, Holy	Dalton	Gospel & Religious
Holy, Holy, Holy	Hymns	Gospel & Religious
Holy, Holy, Holy	The John Tesh Project	Gospel & Religious
Holy, Holy, Holy	Tommy Coomes Band	Gospel & Religious
Home	Matthias Reim Fet. Annie Moore	Unclassifiable
Home		Jazz
Homeland	Hans Zimmer	Soundtrack
Honestly	Annie Lennox	Pop
Honey Honey	ABBA	Pop
Hope Has A Place	Enya	New Age
Horizons	David London	New Age
Hot Stuff	Countdown Mix Masters	Pop
House Of The Rising Sun	Groove Criminals	Electronica/Dance
The House Of The Rising Sun	Santa Esmeralda	Pop
How Beautiful	Twila Paris	Gospel & Religious
How Can I Keep From Singing?	Enya	New Age
How Can I Leave You Again	John Denver	Rock
How Can You Mend A Broken Heart	Bee Gees	Easy Listening
How Do I Live	Trisha Yearwood	Country
How Great Thou Art!	Hymns	Gospel & Religious
How Long	Lionel Richie	Rock
How Will I Know (Junior Vasquez Mix)	Whitney Houston	R&B
Huracan Rumba	Jose Luis Encinas	World
Hush Li'l Baby	Jim Brickman	New Age
I Am Made of You	Ricky Martin	Latin
I Am...I Said	Neil Diamond	Rock
I Believe In Jesus	Keith Matten	Gospel & Religious
I Believe In You And Me	Whitney Houston	R&B
I Can't Help Falling In Love	Kenny Rogers	Country
I Could Sing Of Your Love Forever	Delirious?	Gospel & Religious
I Don't Know Why	Shawn Colvin	Soundtrack
I Exalt Thee	Pete Sanchez, Jr.	Gospel & Religious
I Finally Found Someone	Barbra Streisand & Bryan Adams	Easy Listening
I Get Around	Papa Doo Run Run	Rock
I Have A Dream	ABBA	Pop
I Have A Love / One Hand One Heart	Barbra Streisand & Johnny Mathis	Easy Listening
I Have Decided	Amy Grant	Gospel & Religious
I Honestly Love You	Olivia Newton-John	Pop
I Honestly Love You	Olivia Newton-John & Babyface	Country
I Just Can't Let You Say Goodbye	Willie Nelson	Country
I Just Can't Let You Say Goodbye	Willie Nelson	Country
I Just Wanna Be Happy	Gloria Estefan	Latin
I Know The Truth	Elton John And Janet Jackson	Soundtrack
I Learned From The Best (Hq2 Mix)	Whitney Houston	R&B
I Love The Night Life	Groove Criminals	Electronica/Dance
I Love You, Lord	The Maranatha! Singers	Gospel & Religious
I Miss You	Haddaway	Pop
I Must Tell Jesus	Guideposts	Books & Spoken
I Need Thee Every Hour	Hymns	Gospel & Religious
I Really Don't Want To Know	Anne Murray	Country
I See You Everywhere	Chris Isaak	Rock
I Stand Amazed In The Presence	Guideposts	Books & Spoken
I Trust You	Kenny Rogers	Holiday
I Used To Be A Sailor	Tracy Chapman	Folk
I Wanna Be With You (Soul Solution Remix)	Mandy Moore	Pop
I Wanna Dance With Somebody (Who Loves Me) (Junior Vasquez Mix)	Whitney Houston	R&B
I Want to Be a Cowboy's Sweetheart	LeAnn Rimes	Country
I Want To Know What Love Is	Foreigner	Easy Listening
I Will Always Love You	Dolly Parton Feat. Vince Gill	Country
I Will Always Love You	Kenny Rogers	Country
I Will Always Love You	LeAnn Rimes	Country
I Will Always Love You	Whitney Houston	R&B
I Will Always Love You (Hex Hector Mix)	Whitney Houston	R&B
I Will Always Return	Bryan Adams	Soundtrack
I Will Always Return (Finale)	Bryan Adams	Soundtrack
I Will Bless The Lord	Don Moen	Gospel & Religious
I Will Call Upon The Lord	Marty Nystrom	Gospel & Religious
I Will Celebrate	Paul Baloche	Gospel & Religious
I Will Come And Bow Down	Leann Albrecht	Gospel & Religious
I Will Magnify	Bob Fitts	Gospel & Religious
I Will Praise Your Name	Bob Fitts	Gospel & Religious
I Will Remember You	Kenny Rogers	Country
I Will Sing Of The Mercies Of The Lord	The Maranatha! Singers	Gospel & Religious
I Will Survive	Enrique Iglesias	Latin
I Will Survive	Groove Criminals	Electronica/Dance
I Won't Be The One To Let Go	Barbra Streisand & Barry Manilow	Easy Listening
I Worship You, Almighty God	Kent Henry	Gospel & Religious
I'd Rather Have Jesus	Guideposts	Books & Spoken
I'll Be Home For Christmas	José Carreras, Natalie Cole	Holiday
I'll Lead You Home	Michael W. Smith	Gospel & Religious
I'll Make Love To You	Richard Elliot	Jazz
I'll Stand By You	The Pretenders	Easy Listening
I'm Blowin' Away	Cher	Pop
I'm Falling In Love Tonight	The Judds	Country
I'm Getting Sentimental Over You	Herb Alpert & The Tijuana Brass	Easy Listening
I'm Not Giving You Up	Gloria Estefan	Latin
I'm Not In Love (DJ Skribble & Anthony Acid Radio Mix)	Olive	Electronica/Dance
I'm Not Lisa	Jessi Colter	Country
I'm Ready	Dave Koz	Jazz
I'm Sorry	John Denver	Rock
I'm Still Standing	Elton John	Pop
I'm Still Standing [Live]	Elton John	Pop
I'm Waiting For You	Michael W. Smith	Gospel & Religious
I'm Your Angel	Celine Dion & R. Kelly	Pop
I've Got A Crush On You	Barbra Streisand, Frank Sinatra	Easy Listening
I've Just Destroyed The World I'm Living In	Willie Nelson	Country
Ich Würde Gern Nochmal	Oliver Haidt	Unclassifiable
If I Owned The World	The Rippingtons	Jazz
If The World Crashes Down	Enrique Iglesias	Latin
If we hold on together	Diana Ross	Holiday
If You Could Read My Mind	Stars On 54	Soundtrack
If You Ever Leave Me	Barbra Streisand & Vince Gill	Easy Listening
If You Ever Saw Her	Ricky Martin	Latin
If You Love Me (Let Me Know)	Olivia Newton-John	Pop
If You Were Me (Duet With Elton John)	Chris Rea	Rock
Il barbiere di Siviglia　セビリアの理髪師	National Philharmonic Orchestra	Classical
Il Mio Cuore Va	Sarah Brightman	Pop
Improvisation: Angel of Peace	David Lanz	Holiday
In A Little While	Amy Grant	Gospel & Religious
In Another Life	The Rippingtons	Jazz
In dulce jubilo	Various Artists	Holiday
In His Time	The Maranatha! Singers	Gospel & Religious
In My Time of Sorrow	Marianne Faithfull	Rock
In The Flesh	Blondie	Rock
In The Garden	Hymns	Gospel & Religious
In The Mirror	Yanni	New Age
In The Mirror	Yanni	New Age
In The Morning Light	Yanni	New Age
In The Name Of Love	Grover Washington Jr.	Jazz
In The Presence	Eugene Greco	Gospel & Religious
In The Shadow Of Your Wings	The John Tesh Project	Gospel & Religious
In Wonder	Govi	New Age
Inalcanzable	Enrique Iglesias	Latin
Indian Summer	Billy Joe Walker, Jr.	Easy Listening
Indigo Bay	Richard Clayderman	Easy Listening
The Inn on Mt. Ada	John Tesh	Easy Listening
Inspirations From The Edge Of Forever	Hilary Stagg	New Age
Interlude	Danny Wright	New Age
Into The Dark	Melissa Etheridge	Rock
Intrigas Palaciegas	Jose Luis Encinas	World
Intro Chill...	Soul Ballet	Jazz
Irgendwann Wirst Du Wieder Geh'n	Car-Men	Unclassifiable
Island Aphrodisiac	The Rippingtons	Jazz
Isn't He	Terri Clark	Gospel & Religious
It Came upon a Midnight Clear	David Lanz	Holiday
It Feels So Good	Sonique	Electronica/Dance
It Must Have Been Love	John Tesh	New Age
It's All Coming Back To Me Now	Celine Dion	Pop
It's All In The Game	Tommy Edwards	Pop
It's All In The Game	Tommy Edwards	Easy Listening
It's All The Same To Me	Billy Ray Cyrus	Country
It's Enough	Jon Secada	Latin
It's The Messiah	Kenny Rogers	Holiday
It's The Most Wonderful Time Of The Year	Amy Grant	Holiday
It's the most wonderful time of the year	Diana Ross	Holiday
Ja Cie Kocham-Polka	Jimmy Sturr	Jazz
Jamaican Winds	Earl Klugh	Jazz
Jamaican Winds	Earl Klugh	Jazz
Jammin'	Grover Washington Jr.	Jazz
Janey Don't You Lose Heart	Bruce Springsteen	Rock
Jealous Guy	Roxy Music	Rock
Jehovah	Amy Grant	Gospel & Religious
Jesu, Joy Of Man's Desiring	Amy Grant	Holiday
Jesu, Joy of Man's Desiring	Arthur Fiedler: Boston Pops Orchestra	Holiday
Jesu, Joy Of Man's Desiring	Dalton	Gospel & Religious
Jesu, Joy Of Man's Desiring	David Benoit	Holiday
Jesus Bleibet Meine Freude	Richard Clayderman	Holiday
Jesus Is All The World To Me	Guideposts	Books & Spoken
Jesus Lover Of My Soul	Tommy Coomes Band	Gospel & Religious
Jesus The Very Thought Of Thee	Guideposts	Books & Spoken
Jesus, Lover Of My Soul	Darlene Zschech	Gospel & Religious
Jewel Thieves	The Rippingtons	Jazz
Jingle Bells	Richard Clayderman	Holiday
Jingle Bells	Various Artists	Holiday
Jingle Bells (ein kleiner weißer Schneemann)	Fischer Chöre	Holiday
Jokers Wild (Smooth Jazz Mix)	Paul Hardcastle	Jazz
Jolly Ol' St. Nicholas	The Christmas Chorale	Holiday
Jose Luis	David Garza Lee Y Los Musicale	Latin
Joy To The World	Charlotte Church	Holiday
Joy To The World	Larry Carlton	Holiday
Joyful, Joyful, We Adore Thee	Hymns	Gospel & Religious
Joyful, Joyful, We Adore Thee	The John Tesh Project	Gospel & Religious
The Joys Of Christmas	William Loose Orchestra	Holiday
Julida-Polka	Jimmy Sturr	Jazz
Juliette	Chris Spheeris	New Age
Junto A Tu Corazon	Los Fantasmas Del Caribe	Soundtrack
Just Another Day	Peter White Feat. Basia	Jazz
Just As I Am	Guideposts	Books & Spoken
Just As I Am	Tommy Coomes Band	Gospel & Religious
Just Between US	Boney James	Jazz
Just Show Me How To Love You	Sarah Brightman	Pop
Just The Two Of Us	Grover Washington Jr.	Jazz
Kathleen's Song	Ray Lynch	New Age
The Key To You	David Benoit	Jazz
Kid Gloves	Larry Carlton	Jazz
Killing Me Softly (Piano)	Carl Doy	New Age
Kindred Spirit	2002	New Age
Kiss The Earth	Johannes Linstead	Latin
Knowing Me, Knowing You	ABBA	Pop
Kodachrome	Paul Simon	Pop
Kommet ihr Hirten	Various Artists	Holiday
Komodo (On Air Mix)	Mauro Picotto	Electronica/Dance
L'Aquila	John Tesh	Easy Listening
La Carretera	Julio Iglesias	Latin
La Cumparsita	Julio Iglesias	Latin
La Cumparsita	Julio Iglesias	Latin
La Fortuna	Shahin & Sepehr	Jazz
La Galleguita	Alex Fox	World
La Gota Fría	Julio Iglesias	Latin
La Herida Lenta	Jose Luis Encinas	World
La Nave Del Olvido	Julio Iglesias	Latin
La Seala (For Virginia)	Paucar & Hansen	World
La Serpiente	Johannes Linstead	Latin
La Venia Bendita	Marco Antonio Solís	Latin
La Vida Sigue Igual	Julio Iglesias	Latin
Lady	Kenny Rogers	Country
Lady (Hear Me Tonight)	Modjo	Electronica/Dance
Lady (Piano)	Carl Doy	New Age
Lady Bump	Groove Criminals	Electronica/Dance
Laguna Verde	Obo & Sol Luna	Jazz
Laid Back	Doc Powell	Jazz
Land Of Oz	Hilary Stagg	New Age
Lanz: A Whiter Shade Of Pale	David Lanz	New Age
Lanz: Free Fall	David Lanz	New Age
Lanz: Spiral Dance	David Lanz	New Age
Lanz: Summer's Child	David Lanz	New Age
Largo	Richard Clayderman	Holiday
Largo Aus Xerxes	Various Artists	Holiday
Las Cosas Que Susurras	Jose Luis Encinas	World
Lascia Ch'io Pianga	Sarah Brightman	Pop
Lass Mich Noch Einmal Träumen	Uta Bresan	Unclassifiable
Laßt uns froh und munter sein	Fischer Chöre	Holiday
The Last Goodbye	Shahin & Sepehr	New Age
The Last Song	Elton John	Pop
The Last Tango	Linda Eder	Easy Listening
The Last Time	Julio Iglesias	Easy Listening
Late In The Evening	Paul Simon	Pop
Lay All Your Love On Me	A*Teens	Pop
Lay All Your Love On Me	ABBA	Pop
Lay Down Sally	Eric Clapton	Blues
Lazy Days	Enya	New Age
Le Roi Est Mort, Vive Le Roi!	Enigma	New Age
Lean On Me	Bill Withers	Pop
Lean On Me	Michael Bolton	Rock
Leaves on the Seine	David Lanz	New Age
Lecot: Gloria A Te, Cristo Gesu	Andrea Bocelli	Holiday
Legend	Cheryl Gunn	New Age
Legrand: Yentl - Papa Can You Hear Me?	Charlotte Church	Classical
Lehar: Giuditta - Meine Lippen, Sie Küssen So Heiss	André Rieu	Classical
Leider Lieb' Ich Dich Immer Noch	Mary Roos	Unclassifiable
Leise rieselt der Schnee	Fischer Chöre	Holiday
Leise Rieselt Der Schnee	Richard Clayderman	Holiday
Leise rieselt der Schnee	Various Artists	Holiday
Let It Be	Joan Baez	Folk
Let It Be Me	Kenny Rogers	Country
Let It Flow ("For Dr. J")	Grover Washington Jr.	Jazz
Let It Snow, Let It Snow, Let It Snow	Martina McBride	Holiday
Let Me Be There	Olivia Newton-John	Pop
Let Me Count The Ways	Dave Koz	Jazz
Let Me Fall	Josh Groban	Classical
Let Me Love You	Da Buzz	Electronica/Dance
Let There Be Glory And Honor And Praises	Kent Henry	Gospel & Religious
Let There Be Peace On Earth	Vince Gill	Holiday
Let's Make A Baby King	Various Artists	Holiday
Let's Stay Together	Peter White	Jazz
Life	Haddaway	Pop
Life	Haddaway	Pop
Life Will Go On	Chris Isaak	Rock
Linda Mimosa	Cesaria Evora	World
Linda Muchachita	Los Fantasmas Del Caribe	Soundtrack
Linwood Road	Billy Joe Walker, Jr.	Easy Listening
Liszt: Concert Etudes, S 144 - #3 In D Flat, Un Sospiro	Claudio Arrau	Classical
Liszt: Hungarian Rhapsodies #3 In D, S 359	Anatol Fistoulari; Vienna State Orchestra	Classical
Liszt: Hungarian Rhapsodies #4 In D Minor, S 359	Anatol Fistoulari; Vienna State Orchestra	Classical
Liszt: Liebesträume, S 541 - #3, O Lieb, So Lang	Claudio Arrau	Classical
Liszt: Liebesträume, S 541 - 3. O Lieb, So Lang Du Lieben Kannst	Daniel Barenboim	Classical
Liszt: Polish Songs, S 480 - #5, My Darling	Claudio Arrau	Classical
Liszt's Consolation No.3	Steven C.	New Age
Little Bear	Danny Wright	New Age
The Little Drummer Boy	Charlotte Church	Holiday
The Little Drummer Boy	Paulist Boy Choristers of California	Holiday
Little Drummer Boy	Richard Clayderman	Holiday
Little Drummer Boy	Shylo Band	Holiday
Little Jeannie	Elton John	Pop
Little Red-Rosed Reindeer	Richard Clayderman	Holiday
Little Star	The Elegants	Rock
Living In The Promiseland	Willie Nelson	Country
Llora Llora	Los Fantasmas Del Caribe	Soundtrack
Lloyd Webber: Requiem - Pie Jesu	Sarah Brightman, Plácido Domingo, Etc.; Lorin Maazel: English Chamber Orchestra, Winchester Cathedral Choir	Pop
Lo, How A Rose E'Er Blooming	Robert Shaw: Shaw Chamber Singers	Holiday
Lo! How A Rose E'er Blooming	Charlotte Church	Holiday
Lonely Boy - Paul Anka	Paul Anka	Rock
Lonely Bull	Herb Alpert & The Tijuana Brass	Easy Listening
Lonestar	Norah Jones	Pop
The Longships	Enya	New Age
Looking For The Summer	Chris Rea	Rock
Looks Like It's Gonna Rain Todday	Billy Joe Walker, Jr.	Easy Listening
Loose Ends	Bruce Springsteen	Rock
Loose Talk Costs Lives	Bee Gees	Pop
The Lord Has A Will	Amy Grant	Gospel & Religious
The Lord Is My Shepherd	Hymns	Gospel & Religious
Lord Reign In Me	Brenton Brown	Gospel & Religious
Lord, I Lift Your Name On High	The Maranatha! Singers	Gospel & Religious
The Lord's Prayer	Charlotte Church	Classical
Lost In Space	Paul Hardcastle	Jazz
Lost Inside Of You	Barbra Streisand & Kris Kristofferson	Easy Listening
Lost Summer	Paul Hardcastle	Jazz
Lost Words	Shahin & Sepehr	New Age
Lothlórien	Enya	New Age
Love	John Tesh	New Age
Love 4 Fun	Enrique Iglesias	Latin
Love Changes Everything	Aspects Of Love Cast	Soundtrack
Love Changes Everything	Michael Ball	Soundtrack
Love Changes Everything	Sarah Brightman	Pop
Love Doesn't Ask Why	Celine Dion	Pop
A Love For Life	Yanni	New Age
A Love For Life	Yanni	New Age
Love For Sale	The Manhattan Transfer	Jazz
Love Gift	Danny Wright	New Age
Love Is A Gift	Olivia Newton-John	Country
Love Is A Lonely Place Without You	Cher	Electronica/Dance
Love Letters In The Sand	Pat Boone	Pop
Love Letters In The Sand	Pat Boone	Easy Listening
Love Lifted Me	Guideposts	Books & Spoken
Love Me Tonight	Tom Jones	Easy Listening
Love One Another	Cher	Electronica/Dance
Love One Another	Nikki Leonti	Gospel & Religious
Love Police	Phil Collins	Pop
Love Potion #9	Herb Alpert & The Tijuana Brass	Easy Listening
The Love That You Had	Tracy Chapman	Folk
Love Theme (Piano)	Carl Doy	New Age
Love To See You Cry	Enrique Iglesias	Latin
Love Will Follow	John Tesh	New Age
Love, Juliet	Soul Ballet	Jazz
Loving You	Oscar Lopez	World
Loving You	Oscar Lopez	Latin
Lövland: Nocturne	Secret Garden	New Age
Luis	Billy Joe Walker, Jr.	Easy Listening
Lullaby For A Rainy Night	Dave Koz	Jazz
Mac Startup Chime MP3	Mactracker	Macintosh Chimes
Make No Mistake, He's Mine	Barbra Streisand, Kim Carnes	Easy Listening
Make Us One	Cindy Morgan	Gospel & Religious
Mallorca Nacht	Cordalis	Unclassifiable
Mamma Mia	A*Teens	Pop
Mamma Mia	ABBA	Pop
Mamou Two-Step	Doug Kershaw	Country
Man & Woman	Soul Ballet	Jazz
Man In The Middle	Bee Gees	Pop
Manhattan Matador	Shahin & Sepehr	World
Mano a Mano	Julio Iglesias	Latin
Manuela	Julio Iglesias	Latin
Many Mansions	Moe Bandy	Country
Marble Halls	Enya	New Age
Marching Season	Yanni	New Age
Margarita	Chris Spheeris	New Age
The Marriage of Figaro Suite: Non Pui Andrai (Figaro)	Classical Music	Classical
The Marriage of Figaro Suite: Voi Che Sapete (Cherubino)	Classical Music	Classical
Martini: Plaisir D'Amour	André Rieu	Classical
Mary, Did You Know	Kenny Rogers	Holiday
Mary's Boy Child	Charlotte Church	Holiday
Más (Bonus Track)	Jessica Cristina	Latin
Mascagni: Cavalleria Rusticana - Act 1: Intermezzo	Herbert Von Karajan: Berlin Philharmonic Orchestra	Classical
Mascagni: Cavalleria Rusticana - Sancta Maria	Andrea Bocelli	Holiday
Matters Of The Heart	Tracy Chapman	Folk
Max-O-Man	Fourplay	Jazz
Maybe	Enrique Iglesias	Latin
Me Olvidé De Vivir	Julio Iglesias	Latin
Meant To Be	Jim Brickman	New Age
A Media Luz	Julio Iglesias	Latin
Meditation	Ana Caram	Jazz
Mediterraneo	Chris Spheeris	New Age
Medley	Placido Domingo, Jose Carreras & Diana Ross	Holiday
Medley: Am Weihnachtsbaum Die Lichter Brennen	Richard Clayderman	Holiday
Medley: O Tannenbaum...	Richard Clayderman	Holiday
Medley: What Child Is This/O Tannenbaum	Guitar Chimes	Holiday
Melting Heart	Shahin & Sepehr	New Age
Memories Are Made Of This	Dean Martin	Pop
Memories Of You	David London	New Age
Memory	Barbra Streisand	Soundtrack
Memory	Sarah Brightman	Pop
Memory (Piano)	Carl Doy	New Age
The Memory Of Trees	Enya	New Age
Mendelssohn: Midsummer Night's Dream, Op. 61 - Wedding March	James Levine: Chicago Symphony Orchestra	Classical
Menuetto - Trio	Nikolaus Harnoncourt	Classical
The Mermaid	Yanni	New Age
Merry Christmas Strait To You	George Strait	Holiday
The Messenger	Lulu & Elton John	Soundtrack
Mexican Moon	Obo & Sol Luna	Jazz
Mexican Shuffle	Herb Alpert & The Tijuana Brass	Easy Listening
Mezza Luna	Johannes Linstead	Latin
Michelangelo	Emmylou Harris	Country
Michele's Whistle	Larry Carlton	Jazz
Middle Of The Night	Shahin & Sepehr	New Age
Midnight At The Basilica	Shahin & Sepehr	World
Midnight Hour	Nicholas Gunn	New Age
Midnight In San Juan	Earl Klugh	Jazz
Mighty Is Our God	J. Daniel Smith	Gospel & Religious
Milagro	Dave Grusin	Jazz
Mille Cherubini in coro	José Carreras	Holiday
Milonga (Medley) (Milonga Sentimental -Vivo)	Julio Iglesias	Latin
Miss Clare Remembers	Enya	New Age
Missing You	Bryan Savage	Jazz
Missing You	John Waite	Rock
Momentos	Julio Iglesias	Latin
Mona Lisa	Nat King Cole	Pop
Monday Monday	Marianne Faithfull	Rock
Mondschein-Sonate	Richard Clayderman	Holiday
Money, Money, Money	ABBA	Pop
Moon Of The Misbegotten	Billy Joe Walker, Jr.	Easy Listening
Moonfire	Richard Clayderman	Easy Listening
Moongate	Secret Garden	New Age
Moonglow And Theme From Picnic	Morris Stoloff	Pop
More & More (Underground Mix)	Captain Hollywood Project	Electronica/Dance
More And More [Single Version]	Captain Hollywood Project	Electronica/Dance
More Love, More Power	Michael W. Smith	Gospel & Religious
More Precious Than Silver	Lamar Boschman	Gospel & Religious
More Than This	Roxy Music	Rock
More, More, More	Groove Criminals	Electronica/Dance
Morning Dance	Spyro Gyra	Jazz
Morning Has Broken	Guideposts	Books & Spoken
Morning In Martinique	Eko	New Age
Moses	Bette Midler	Easy Listening
Moto Perpetuo Divertimiento Op.257	Orchestra Of The Vienna Volksoper	Classical
Mountain Dance	Dave Grusin	Jazz
Mountain Dance	Dave Grusin	Jazz
Mountain Top	Amy Grant	Gospel & Religious
Mourning Into Dancing	Tommy Walker	Gospel & Religious
Moving On	John Adorney	Jazz
Mozart	Suzanne Ciani	New Age
Mozart Clarinet Concerto in A, K. 622. Allegro	Wolfgang Amadeus Mozart	Classical
Mozart: Ave Verum Corpus, K 618	Andrea Bocelli	Holiday
Mozart: Ave Verum Corpus, K 618	Choir Of King's College Cambridge	Classical
Mozart: Bassoon Concerto In B Flat, K 191 - 1. Allegro	Mozart Fesival Orchestra	Classical
Mozart: Bassoon Concerto In B Flat, K 191 - 2. Andante Ma Adagio	Mozart Fesival Orchestra	Classical
Mozart: Bassoon Concerto In B Flat, K 191 - 3. Rondo: Tempo Di Menuetto	Mozart Fesival Orchestra	Classical
Mozart: Clarinet Concerto In A, K 622 - 2. Adagio	André Rieu	Classical
Mozart: Clarinet Concerto In A, K 622 - 2. Adagio	Franklin Cohen; Christoph Von Dohnanyi: Cleveland Orchestra	Classical
Mozart: Clarinet Quintet In A, K 581, "Stadler" - 2. Larghetto	Vienna Octet	Classical
Mozart: Contradance In C, K 609/1	Vienna Mozart Ensemble	Classical
Mozart: Così Fan Tutte, K 588 - Soava Sia Il Vento	Chamber Orchestra Of Europe	Classical
Mozart: Die Zauberflöte, K 620 - Der Vogelfanger Bin Ich Ja	Hermann Prey; Georg Solti: Vienna Philharmonic Orchestra	Classical
Mozart: Divertimento #17 In D, K 334 - Minuet & Trio	Willi Boskovsky: Vienna Mozart Ensemble	Classical
Mozart: Don Giovanni, K 527 - Fin Ch'Chan Dal Vino (Champagne Aria)	Bryn Terfel; Georg Solti: London Philharmonic Orchestra	Classical
Mozart: Exsultate Jubilate, K 165 - Alleluja	Leontyne Price; Herbert Von Karajan: Vienna Philharmonic Orchestra	Classical
Mozart: German Dance In C, K 605/3	Vienna Mozart Ensemble	Classical
Mozart: La Clemenza Di Tito, K 621 - Parto, Parto, Ma Tu, Ben Mio	Cecilia Bartoli	Classical
Mozart: Le Nozze Di Figaro, K 492 - Dove Sono	Kiri Te Kanawa; Georg Solti: London Philharmonic Orchestra	Classical
Mozart: Le Nozze Di Figaro, K 492 - Overture	London Philharmonic Orchestra	Classical
Mozart: Le Nozze Di Figaro, K 492 - Voi Che Sapete	Cecilia Bartoli	Classical
Mozart: Le Nozze Di Figaro, K 492 - Voi Che Sapete	Cecilia Bartoli; György Fischer: Vienna Chamber Orchestra	Classical
Mozart: Piano Concerto #15 In B Flat, K 450 - 1. Allegro	Wolfgang Amadeus Mozart	Classical
Mozart: Piano Concerto #15 In B Flat, K 450 - 3. Allegro	Wolfgang Amadeus Mozart	Classical
Mozart: Piano Concerto #21 In C, K 467 - 2. Andante	Radu Lupo: English Chamber Orchestra	Classical
Mozart: Piano Sonata #11 In A, K 331 - 3. Rondo Alla Turca	András Schiff	Classical
Mozart: Piano Sonata #16 In C, K 545 - 1. Allegro	András Schiff	Classical
Mozart: Serenade #13 In G, "Eine Kleine Nachtmusik" - 1. Allegro	Camerata Academica	Classical
Mozart: Serenade #13 In G, "Eine Kleine Nachtmusik" - 2. Romanze: Andante	Camerata Academica	Classical
Mozart: Serenade #13 In G, "Eine Kleine Nachtmusik" - 4. Rondo: Allegro	Camerata Academica	Classical
Mozart: Serenade #13 In G, K 525, "Eine Kleine Nachtmusik" - 1. Allegro	Academy Of St. Martin In The Fields	Classical
Mozart: Serenade #13 In G, K 525, "Eine Kleine Nachtmusik" - 3. Menuett: Allegretto	Wurzburg Camerata Academica	Classical
Mozart: Serenade #13 In G, K 525, "Eine Kleine Nachtmusik" - Allegro	Herbert Von Karajan: Berlin Philharmonic Orchestra	Classical
Mozart: Sonata in G Minor	Passport Music	Classical
Mozart: Symphony #36 In C, K 425, "Linz" - 2. Poco Adagio	Wolfgang Amadeus Mozart	Classical
Mozart: Symphony #40 In G Minor, K 550 - 1. Molto Allegro	Herbert Von Karajan: Vienna Philharmonic Orchestra	Classical
Mozart: Symphony #41 In C, K 551, "Jupiter" - 4. Finale: Molto Allegro	Georg Solti: Vienna Philharmonic Orchestra	Classical
Mozart: Violin Concerto #3 In G, K 216 - 2. Adagio	Joshua Bell; Peter Maag: English Chamber Orchestra	Classical
Mozart: Violin Concerto #3 In G, K 216 - Adagio	André Rieu	Classical
Mr. D.J.-Polka	Jimmy Sturr	Jazz
Mr. Record Man	Willie Nelson	Country
Mr. Sandman	The Chordettes	Pop
Mujer	Gipsy Kings	World
Munequita linda	Plácido Domingo	Classical
The Music Inside	Chuck Loeb	Jazz
The Music Of The Night	Barbra Streisand, Michael Crawford	Easy Listening
The Music Of The Night	Sarah Brightman	Pop
The Music's No Good Without You	Cher	Electronica/Dance
Musical Sleighride	Arthur Fiedler: Boston Pops Orchestra	Holiday
My Antonia	Emmylou Harris	Country
My Back Porch	Dave Koz	Jazz
My Elusive Dreams	Tammy Wynette & George Jones	Country
My Happiness	Connie Francis	Easy Listening
My Heart Dances	Elton John	Soundtrack
My Heart Will Go On	Celine Dion	Pop
My Heart Will Go On	John Tesh	New Age
My Heroes Have Always Been Cowboys	Willie Nelson	Country
My Jesus I Love Thee	Guideposts	Books & Spoken
My Life Is In You, Lord	Joseph Garlington	Gospel & Religious
My Love Is Your Love (Jonathan Peters Mix)	Whitney Houston	R&B
My Lover	Melissa Etheridge	Rock
My Own Peculiar Way	Willie Nelson	Country
N.Y.C. Tripin	Soul Ballet	Jazz
Na Laetha Geal M'óige	Enya	New Age
Naila	Lila Downs	Latin
The Name Of The Game	ABBA	Pop
Nathalie	Julio Iglesias	Latin
Naturaleza Muerta	Sarah Brightman	Pop
Nature Boy	Shahin & Sepehr	World
Nearer, My God, To Thee	Hymns	Gospel & Religious
Never	Ronan Hardiman	World
Never Can Say Goodbye	Groove Criminals	Electronica/Dance
Never Give You Up	Amy Grant	Gospel & Religious
Never My Love	The Association	Easy Listening
Never On Sunday	Herb Alpert & The Tijuana Brass	Easy Listening
Neverending	John Adorney	Jazz
Neverland	Suzanne Ciani	New Age
New Beginning	Danny Wright	New Age
A New Beginning	Hilary Stagg	New Age
New Hampshire Hornpipe	Dave Grusin	Jazz
Nho Antone Escaderode	Cesaria Evora	World
Nice To Meet You	Yanni	New Age
Nice To Meet You	Yanni	New Age
Nick Of Time	Bonnie Raitt	Rock
Nie Mehr Allein Sein (Radio Mix)	Superboys	Unclassifiable
Niedermeyer: Pietà, Signore	Andrea Bocelli	Holiday
The Night Before Christmas	Amy Grant	Holiday
The Night They Drove Old Dixie Down	Joan Baez	Folk
A Night To Remember	Yanni	New Age
A Night To Remember	Yanni	New Age
Nightfall	David Lanz	New Age
Nikita	Elton John	Pop
No Apagues La Luz	Enrique Iglesias	Latin
No Hay Manana	David Garza Lee Y Los Musicale	Latin
No Holly For Miss Quinn	Enya	New Age
No More Tears	Donna Summer & Barbra Streisand	Easy Listening
No One Like You	Sarah Brightman	Pop
No One Understands Like Jesus	Guideposts	Books & Spoken
No Volvere	Gipsy Kings	World
No Woman No Cry	Peter White	Jazz
No Worries	David Benoit	Jazz
No, Not One	Tommy Coomes Band	Gospel & Religious
Noctures	TIAN	Classical
Nocturne in C minor, OP. posth.	Helge Antoni	Classical
Nocturne in E flat major	Helge Antoni	Classical
Non piu andrai, farfallone	Wolfgang Amadeus Mozart	Classical
The North	Elton John	Pop
North Peak	The Rippingtons	Jazz
Northern Lights	Paul Hardcastle	Jazz
Nostalgia	Yanni	New Age
Nostalgia	Yanni	New Age
Not Over Yet	Grace	Electronica/Dance
Nothin' But Love	Boney James	Jazz
Nothing I Can Do About It Now	Willie Nelson	Country
Nouveau Tango	Acoustic Alchemy	New Age
November	Mythos	New Age
Now And Forever	David London	New Age
The Now And The Not Yet	Amy Grant	Gospel & Religious
Now I Believe In Miracles	Nikki Leonti	Gospel & Religious
Nunca Te Olvidaré [Radio Mix]	Enrique Iglesias	Latin
Nutridinha	Cesaria Evora	World
O Come All Ye Faithful	Amy Grant	Holiday
O Come All Ye Faithful	David Lanz	Holiday
O Come Let Us Adore Him/Thou Art Worthy	The Maranatha! Singers	Gospel & Religious
O Come Little Children / We'll Dress The House	Liz Story	Holiday
O Come, All Ye Faithful	Charlotte Church	Holiday
O Come, All Ye Faithful (Adeste Fideles)	Encore Children's Chorus	Holiday
O Come, Emmanuel	Robert Shaw: Shaw Chamber Singers	Holiday
O Come, O Come Emmanuel	Amy Grant	Holiday
O Du fröhliche	Various Artists	Holiday
O Holy Night	Charlotte Church	Holiday
O Holy Night	Hand Bell Choir	Holiday
O Holy Night	Lorrie Morgan	Holiday
O Holy Night	Martina McBride	Holiday
O Holy Night	Olivia Newton-John	Holiday
O Holy Night (Cantique de Noël)	Rock Theater Choral	Holiday
O Little Town Of Bethlehem	Alabama	Holiday
O Little Town of Bethlehem	David Lanz	Holiday
O Little Town Of Bethlehem	The Jordanaires	Holiday
O Mio Babbino Caro	Sarah Brightman	Pop
O Tannenbaum	Richard Clayderman	Holiday
O Tannenbaum	Various Artists	Holiday
October Moon	Shahin & Sepehr	New Age
Ode To A Friend	Shahin & Sepehr	World
Ode To A Friend (For Firouzeh)	Shahin & Sepehr	World
Offenbach: Orpheus In The Underworld - Cancan	Herbert Von Karajan: Berlin Philharmonic Orchestra	Classical
Oh Du Fröhliche, Oh Du Selige	Various Artists	Holiday
Oh Lord, You're Beautiful	Keith Green	Gospel & Religious
Oh Tannenbaum	Various Artists	Holiday
Oh The Glory Of Your Presence	Steve Fry	Gospel & Religious
Oh To Be Like Thee	Guideposts	Books & Spoken
Oh Yeah	Roxy Music	Rock
Oh, du Fröhliche	Fischer Chöre	Holiday
Oh, Du Frohliche	José Carreras, Natalie Cole & Plácido Domingo	Holiday
Oh! My Pa-Pa	Eddie Fisher	Easy Listening
Oh! My Papa	Eddie Fisher	Pop
Ojos Negros	Los Fantasmas Del Caribe	Soundtrack
Old Cape Cod	Anne Murray	Country
Old Man's Rubble	Amy Grant	Gospel & Religious
On And On And On	ABBA	Pop
On Golden Pond	Dave Grusin	Jazz
On The Beautiful Blue Danube, Op.314	Franz Welser-Möst; London Philharmonic Orchestra	Classical
On The Road Again	Willie Nelson	Country
On the Road Again (L)	Willie Nelson	Country
On Your Shore	Enya	New Age
Once Upon A Time	Yanni	New Age
Once Upon A Time	Yanni	New Age
Once You Had Gold	Enya	New Age
The One	Elton John	Pop
The One	Elton John	Pop
One By One	Cher	Pop
One By One	Enya	New Age
One Day	Chris Isaak	Rock
One Less Bell To Answer / A House Is Not A Home	Barbra Streisand	Easy Listening
One Man's Dream	Yanni	New Age
One Man's Dream	Yanni	New Age
One Moment In Time	Whitney Houston	R&B
One More Time	Real McCoy	Electronica/Dance
One More Try	George Michael	Pop
One Night Stand	Enrique Iglesias	Latin
One Of Us	A*Teens	Pop
One Of Us	ABBA	Pop
One Passion Dance	Shahin & Sepehr	New Age
One Passion Dance	Shahin & Sepehr	World
Only A Memory	Yanni	New Age
Only A Memory	Yanni	New Age
Only An Ocean Away	Sarah Brightman	Pop
Only By Grace	Graham Kendrick	Gospel & Religious
Only In My Dreams	Debbie Gibson	Electronica/Dance
Only Love	Linda Eder	Easy Listening
Only Time	Enya	New Age
Ooh Aah...Just A Little Bit (Motiv8 Radio Edit)	Gina G	Electronica/Dance
Open Our Eyes	The Maranatha! Singers	Gospel & Religious
Open The Eyes Of My Heart	Michael W. Smith	Gospel & Religious
Open Your Eyes	Black Box	Electronica/Dance
Ordinary World		Rock
Orinoco Flow	Enya	New Age
The Other Side Of Me	Culture Beat	Electronica/Dance
The Other Side Of Me (Trilogy 1 Of 3)	Michael W. Smith	Gospel & Religious
Our First Kiss	David London	New Age
Our Great Savior	Hymns	Gospel & Religious
Our Last Summer	A*Teens	Pop
Our Last Summer	ABBA	Pop
Our Last Summer	Mamma Mia	Soundtrack
Our World	Máire Brennan	New Age
Overture To "Die Fledermaus," Op.362	Franz Welser-Möst; London Philharmonic Orchestra	Classical
Pachelbel Canon In D	Hilary Stagg	New Age
Pachelbel: Canon	Passport Music	Classical
Pachelbel: Canon & Gigue In D - Canon	Orpheus Chamber Orchestra	Classical
Pachelbel's Canon In D Major	David Lanz	Holiday
Pacific Coast Highway	Bryan Savage	Jazz
Painted Desert	Nicholas Gunn	New Age
Pancho And Lefty	Willie Nelson & Merle Haggard	Country
The Panic In Me	Elton John	Soundtrack
Panis Angelicus	Charlotte Church	Classical
Part Of My Heart	Jim Brickman	New Age
Partners In Crime	Dave Koz/Jim Brickman	New Age
The Party's Over	Willie Nelson	Country
Pas De Deux	Danny Wright	New Age
Passacaglia	Secret Garden	New Age
Pavane	Danny Wright	New Age
Peace Be With You	The John Tesh Project	Gospel & Religious
Peace On Earth	Paul Hardcastle	Jazz
Persuasion	Govi	New Age
Persuasion	Govi	New Age
Petersburger Schlittenfahrt	Fischer Chöre	Holiday
Phantasy	Danny Wright	New Age
The Phantom Of The Opera (With Michael Crawford)	Sarah Brightman	Pop
Philadelphia Freedom [Live]	Elton John	Pop
Piano By Candlelight	Carl Doy	New Age
Pic Nic Na Salamansa	Cesaria Evora	World
Picture This	Symphony Orchestra	Easy Listening
Pie Jesu	Charlotte Church	Classical
Pilgrim	Enya	New Age
Pink Cadillac	Bruce Springsteen	Rock
A Place In My Heart	Nicholas Gunn	New Age
Planet Love	Taylor Dayne	Electronica/Dance
Play Me	Neil Diamond	Rock
Please Come Home For Christmas	Gary Allan	Holiday
Please Forgive Me	Bryan Adams	Rock
Please Mr. Please	Olivia Newton-John	Pop
Polar Express	John Tesh	Easy Listening
Polka Hoe Down	Jimmy Sturr	Jazz
Polka Saturday Night	Jimmy Sturr	Jazz
Por El Amor De Una Mujer	Julio Iglesias	Latin
Por Mujeres Como Tu	Pepe Aguilar	Latin
Por Qué Será	Jessica Cristina	Latin
Porgi, amor!	Wolfgang Amadeus Mozart	Classical
Porscha	The Rippingtons	Jazz
Positive Thinking	Acoustic Alchemy	New Age
The Power Of Love	Celine Dion	Pop
The Power Of Love	Celine Dion	Pop
Praise The Lord, Ye Heavens Adore Him	Guideposts	Books & Spoken
Praise To The Lord, The Almighty	Hymns	Gospel & Religious
The Prayer	Andrea Bocelli & Celine Dion	Classical
The Prayer	Josh Groban & Charlotte Church	Classical
Prayer	Secret Garden	New Age
The Preacher	Larry Carlton	Jazz
Precious Love	Olivia Newton-John	Country
Preisner: Winter Light	Sarah Brightman	Pop
Pretty Little Baby Child	Kenny Rogers	Holiday
Pretty Polly-Polka	Jimmy Sturr	Jazz
Prime Time	The Alan Parsons Project	Rock
Principles of Desire	The Rippingtons	Jazz
Prism Of Life	Enigma	New Age
Psyche	Chris Spheeris	New Age
Puccini: Gianni Schicchi - O Mio Babbino Caro	André Rieu	Classical
Puccini: Gianni Schicchi - O Mio Babbino Caro	Sarah Brightman	Pop
Puccini: Manon Lescaut - Donna Non Vidi Mai	Plácido Domingo	Classical
Puccini: The Girl Of The Golden West - Ch'Ella Mi Creda Libero (Let Her Believe I Am Free)	Plácido Domingo: Orchestra Of The Royal Opera House, Covent Garden	Classical
Puccini: Turandot - Nessun Dorma (Killing Fields)	Plácido Domingo	Classical
Punta Arenas	Paucar & Hansen	World
Punta Del Soul	Dave Grusin	Jazz
Purified	Michael W. Smith	Gospel & Religious
Que Nadie Sepa Mi Sufrir	Julio Iglesias	Latin
Qué No Se Rompa La Noche	Julio Iglesias	Latin
Que Tu Tienes	Jennifer Delgado	Latin
Que Tu Tienes		Rock
Queen Of Cities	Elton John	Soundtrack
Queen Of Hearts	Juice Newton	Country
Quiero Libertad	Gipsy Kings	World
Quiet Man	Yanni	New Age
Quijote	Julio Iglesias	Latin
Quiver	Chris Spheeris	New Age
Rab-Un-Now	Cheryl Gunn	New Age
Rachmaninov: Rhapsody On A Theme Of Paganini, Op. 43 - Var. # 18	Tamas Vasary; Yuri Akhronovich: London Symphony Orchestra	Classical
The Rain Must Fall	Yanni	New Age
Rapture (Riva Mix)	iiO	Electronica/Dance
Rapture (Tastes So Sweet)	iiO	Electronica/Dance
Ravel: Bolero	Anton Nanut: Ljubljana Radio Symphony Orchestra	Classical
Ravel: Boléro - Finale	Claudio Abbado: London Symphony Orchestra	Classical
Ready For Life	Ronan Hardiman	World
Ready For The Good Times	Shakira	Latin
Reason To Believe	Rod Stewart	Rock
Reflections Of Passion	Yanni	New Age
Reflections Of Passion	Yanni	New Age
Rejoice, The Lord Is King	Hymns	Gospel & Religious
Remain In Motion	Chris Spheeris	New Age
Remembrance	Dave Koz	Jazz
Remembrance	Jim Brickman	New Age
Remolino	Jose Luis Encinas	World
Rendezvous	Jim Brickman	New Age
Return To Manhattan	Shahin & Sepehr	World
Reunion	Shahin & Sepehr	Jazz
Revelation Of The Heart	3rd Force	New Age
Rhiannon	Fleetwood Mac	Rock
Rhumba De La Noche	Govi	New Age
Rhythm Of My Heart	Rod Stewart	Rock
Ride On Time	Black Box	Electronica/Dance
Rimsky-Korsakov: Tale Of Tsar Saltan - Flight Of The Bumblebee	Bolshoi Theater Violin Ensemble	Classical
Ring My Bell	Groove Criminals	Electronica/Dance
Ringing The Bells Of Christmas	Larry Carlton	Holiday
Ritmo De Amor	Johannes Linstead	Latin
Ritmo Total	Enrique Iglesias	Latin
Ritmos Flamenco	Armik	World
Ritual	Nicholas Gunn	New Age
River	Enya	New Age
River Song	Dave Grusin	Jazz
The Road To Hell	Chris Rea	Rock
Road To Marrakesh	Johannes Linstead	Latin
Rock My Heart	Haddaway	Pop
Rocket Man [Live]	Elton John	Pop
Rockin' Around The Christmas Tree	Amy Grant	Holiday
Rodgers: South Pacific - Bali Ha'I	Charlotte Church	Classical
Romance in E flat major	Helge Antoni	Classical
Romanze	Richard Clayderman	Holiday
Rondo (Allegro)	Wolfgang Amadeus Mozart	Classical
Rosa Linda	Los Fantasmas Del Caribe	Soundtrack
Roses From The South, Op.388	Franz Welser-Möst; London Philharmonic Orchestra	Classical
Roses From The South, Op.388 Waltz	Carl Michalski: Vienna Volksoper Orchestra	Classical
Rossini: Guillaume Tell - Overture	Herbert Von Karajan: Berlin Philharmonic Orchestra	Classical
Rossini: Il Barbiere Di Siviglia - Largo Al Factotum	Kathleen Battle, Plácido Domingo, Etc.; Claudio Abbado: Chamber Orchestra Of Europe	Classical
Rossini: Petite Messe Solenelle - Domine Deus	Andrea Bocelli	Holiday
Rossini: Stabat Mater - Cujus Animam	Andrea Bocelli	Holiday
Rota: Love Theme From Romeo & Juliet	André Rieu	Classical
Rota: Love Theme From Romeo & Juliet (Reprise)	André Rieu	Classical
'Round 12:01	Soul Ballet	Jazz
Rubinstein: Melody #1 In F For Piano, Op. 3	Shura Cherkassky	Classical
Ruby Forest	Nicholas Gunn	New Age
Rudolph the Red-Nosed Reindeer	Arthur Fiedler: Boston Pops Orchestra	Holiday
Rumba Tumba	Govi	New Age
Run Away	Ronan Hardiman	World
Run To You	Whitney Houston	R&B
Runaway	Cher	Electronica/Dance
S.O.S.	A*Teens	Pop
S.O.S.	ABBA	Pop
Sabôr De Pecado	Cesaria Evora	World
The Sacred Fire	Nicholas Gunn	New Age
Sacrifice	Elton John	Pop
Sacrifice	Richard Clayderman	Easy Listening
Sacrifice [Live]	Elton John	Pop
Sad Eyes	Bruce Springsteen	Rock
Sad Songs (Say So Much)	Elton John	Pop
The Saddest Song I've Got	Annie Lennox	Pop
Sadharasara	Johannes Linstead	Latin
Sager/Foster: The Prayer	Josh Groban & Charlotte Church	Classical
Sahara	Jose Luis Encinas	World
Said I Loved You...But I Lied	Michael Bolton	Rock
Sails Of Joy	Govi	New Age
Saint Agnes And The Burning Train	John Tesh	New Age
Saint-Saëns: Carnival Of The Animals - The Swan	Mischa Maisky; Semyon Bychkov: Orchestre De Paris	Classical
Salome (Pablo Flores Club Mix Edit)	Chayanne	Latin
Salome (Pablo Flores Club Mix Radio Edit)		Rock
Salve	Ronan Hardiman	World
Samantha's Theme	Danny Wright	New Age
The Same Moon	Phil Collins	Pop
Sanctuary	Jamie O'Neal	Country
Sangre Vienesa Vals Op.354	Orchestra Of The Vienna Volksoper	Classical
Santa Claus Is Back In Town	The Mavericks	Holiday
Santa Claus Is Comin' (In A Boogie Woogie Choo Choo Train)	The Tractors	Holiday
Santa Claus Is Coming To Town	David Benoit	Holiday
Santa Claus Is Coming To Town	Vince Gill	Holiday
Santa Fe	Ottmar Liebert	World
Santa's Reindeer Ride	Amy Grant	Holiday
Santorini	Yanni	New Age
São Vicente Di Longe	Cesaria Evora	World
Sapphire	Chris Spheeris	New Age
Sartori: Time To Say Goodbye (Solo Version)	Sarah Brightman	Pop
Satie: 3 Gymnopédies - #3: Lent Et Grave	Orpheus Chamber Orchestra	Classical
Satie: Gnossienne #1	Pascal Rogé	Classical
Satisfied	Guideposts	Books & Spoken
Savannah	Johannes Linstead	Latin
Save The Best For Last	Vanessa Williams	Easy Listening
Saving All My Love For You	Whitney Houston	R&B
Savior Like A Shepherd Lead Us	Guideposts	Books & Spoken
Say You Love Me	Fleetwood Mac	Rock
Schlafe, Holder Süßer Knabe	Various Artists	Holiday
Schlafe, holder süßer Knabe	Various Artists	Holiday
Schubert: Ellens Gesang #3, Op. 52/6, D 839, "Ave Maria"	Cheryl Studer; Ion Marin: London Symphony Orchestra	Classical
Schubert: Ellens Gesang #3, Op. 52/6, D 839, "Ave Maria" - Ave Maria	Andrea Bocelli	Holiday
Schubert: Ellens Gesang 3, Op. 52/6 - Ave Maria	Sarah Brightman	Pop
Schubert: Impromptu In G Flat, D 899/3	Vladimir Horowitz	Classical
Schubert: La Pastorella	Cecilia Bartoli	Classical
Schubert: Wiegenlied #2, Op. 98/2, D 498 - Mille Cherubini In Coro	Andrea Bocelli	Holiday
Schubert: Wiener Lied	André Rieu	Classical
Schuld War Wieder Die Nacht	Münchener Freiheit	Unclassifiable
Schumann: Kinderszenen, Op. 15 - Träumerei	Vladimir Horowitz	Classical
Schumann: Kinderszenen, Op. 15 - Von Fremden Ländern Und Menschen	Vladimir Horowitz	Classical
Scotland	Richard Elliot	Jazz
Sé Como Duele	Jessica Cristina	Latin
Se Te Acabó	Edith Márquez	Latin
Sea Of Dreams	2002	New Age
Seaside Bar Song	Bruce Springsteen	Rock
Secret Love	Anne Murray	Country
Seek Ye First	The Maranatha! Singers	Gospel & Religious
Seeker's Quest	Cheryl Gunn	New Age
Senza Una Donna (Without A Woman)	Richard Clayderman	Easy Listening
Separate Ways (Worlds Apart)	Journey	Rock
Serenade D'Amor	Govi	New Age
Seven Nights In Rome	The Rippingtons	Jazz
Seven Nights In Rome	The Rippingtons	Jazz
Seven Year Ache (With Roseanne Cash)	Trisha Yearwood	Country
Sevilla Nights	Santa Esmeralda	Pop
Sh-Boom	The Crew Cuts	Pop
Shadows In Silence	Enigma	New Age
Shadows In Silence		Rock
Shake It Up	The Cars	Rock
Shame, Shame, Shame	Groove Criminals	Electronica/Dance
She Bangs	Ricky Martin	Latin
She Could Be Mine	Dave Grusin	Jazz
She Walks In Beauty	Nicholas Gunn	New Age
Sheep May Safely Graze	Modern Mandolin Quartet	Holiday
Shelbi	Paul Hardcastle	Jazz
Shelly My Love	Rod Stewart	Rock
Shelter Me	Nikki Leonti	Gospel & Religious
Shepherd Moons	Enya	New Age
Shepherds' Music	Arthur Fiedler: Boston Pops Orchestra	Holiday
A Shield About Me	The Maranatha! Singers	Gospel & Religious
Shilo	Neil Diamond	Rock
Shine	Paul Hardcastle	Jazz
Shine, Jesus, Shine	Graham Kendrick	Gospel & Religious
Shout	Haddaway	Pop
Shout To The Lord	Darlene Zschech	Gospel & Religious
Shout To The North	Martin Smith	Gospel & Religious
Si Juras Regresar	Enrique Iglesias	Latin
Sieben Wunder	Ibo	Unclassifiable
Siempre Siempre	Los Fantasmas Del Caribe	Soundtrack
Silent Night	Charlotte Church	Holiday
Silent Night	David Lanz	Holiday
Silent Night	Martina McBride	Holiday
Silent Night	Nashville Keyboard Section	Holiday
Silent Night	Steve Erquiaga	Holiday
Silent Night (Stille Nacht)	Paulist Boy Choristers of California	Holiday
Silent Night/It Came Upon A Midnight Clear	Larry Carlton	Holiday
Silk Road	Symphony Orchestra	Easy Listening
Silver Bells	Olivia Newton-John	Holiday
Silver Inches	Enya	New Age
Simple Life	Elton John	Pop
Simple Song	Suzanne Ciani	New Age
Simplicity Of The Heart	Govi	New Age
Sing Hallelujah To The Lord	The Maranatha! Singers	Gospel & Religious
Skating	David Benoit	Holiday
Skyline	Obo & Sol Luna	Jazz
Skyline Drive	Shahin & Sepehr	New Age
Sleep Walk	Santo & Johnny	Pop
Sleepy Valley-Oberek	Jimmy Sturr	Jazz
Sleigh Ride	Amy Grant	Holiday
Sleighride	Arthur Fiedler: Boston Pops Orchestra	Holiday
Sloop John B.	Papa Doo Run Run	Rock
Slow Dance	Chris Spheeris	New Age
Smaointe...	Enya	New Age
Smoke Gets In Your Eyes	The Platters	Easy Listening
So Long My Friend	Yanni	New Age
So Many Things	Sarah Brightman	Pop
Softly And Tenderly	Guideposts	Books & Spoken
Sogno	Andrea Bocelli	Classical
Sola	Obo & Sol Luna	Jazz
A Soldier's King	Kenny Rogers	Holiday
Solo En Ti	Enrique Iglesias	Latin
Some Days Are Diamonds (Some Days Are Stone)	John Denver	Rock
Some Guys Have All The Luck	Rod Stewart	Rock
Somebody New	Billy Ray Cyrus	Country
Somebody To Love	Chris Isaak	Rock
Someday Out Of The Blue (Theme From El Dorado)	Elton John	Soundtrack
Someone (Thrillseekers Radio Mix)	Ascension	Electronica/Dance
Sona	Secret Garden	New Age
Sona	Secret Garden	New Age
Song For Antarctica	Yanni	New Age
Song For Jennifer	Symphony Orchestra	Easy Listening
Song For Lea	Danny Wright	New Age
Song For The Lonely	Cher	Electronica/Dance
Song From A Secret Garden	Secret Garden	New Age
Song From A Secret Garden	Secret Garden	New Age
Song Of David	Máire Brennan	New Age
Song Sung Blue	Neil Diamond	Rock
Songbird	Kenny G	Jazz
Soul Mate	Shahin & Sepehr	World
Soul Seeker	The Rippingtons	Jazz
Soul Standing By	Billy Idol	Rock
South Of The Border	Herb Alpert & The Tijuana Brass	Easy Listening
Soy Un Truhán, Soy Un Señor	Julio Iglesias	Latin
Spanish Flea	Herb Alpert & The Tijuana Brass	Easy Listening
Spanish Steps	John Tesh	Pop
Spanish Steps / Rome In May	Ottmar Liebert	New Age
Speak To Me, Lord	The John Tesh Project	Gospel & Religious
Spirit Of The Living God	The Brentwood Singers	Gospel & Religious
Spiritual Medley (Somebody's Knockin' At Your Door/Let Us Break Bread Together)	The John Tesh Project	Gospel & Religious
Spring Fever	Bryan Savage	Jazz
St. Elsewhere	Dave Grusin	Jazz
Standing Still	Jewel	Pop
Starlight	The Superman Lovers Feat. Mani Hoffman	Electronica/Dance
Stayin' Alive	Groove Criminals	Electronica/Dance
Step By Step (Junior Vasquez Mix)	Whitney Houston	R&B
A Step Too Far	Elton John & Heather Headley & Sherie Scott	Soundtrack
Still, still, still	Various Artists	Holiday
Stille Nacht	Fischer Chöre	Holiday
Stille Nacht	José Carreras, Natalie Cole & Plácido Domingo	Holiday
Stille Nacht	Placido Domingo, Jose Carreras & Diana Ross	Holiday
Stille Nacht, Heilige Nacht	Richard Clayderman	Holiday
Stille Nacht, Heilige Nacht	Various Artists	Holiday
Stones	Neil Diamond	Rock
Stor Mo Chroí	Mary Mc Laughlin	New Age
Stories Of The Painted Desert	The Rippingtons	Jazz
Storms In Africa	Enya	New Age
Storms In Africa, Pt. 2	Enya	New Age
Straight To The Heart	Michael W. Smith	Gospel & Religious
The Strangest Thing		Rock
Strauss (J): Music Of The Spheres	André Rieu	Classical
Strauss (J): Village Swallows, Op. 164	Alfred Scholz: Vienna National Opera Orchestra	Classical
Strauss Jr. (J): Annen Polka, Op. 117	Peter Falk: Vienna Volksoper Orchestra	Classical
Strauss Jr. (J): Blue Danube, Op. 314	Herbert Von Karajan: Vienna Philharmonic Orchestra	Classical
Strauss Jr. (J): Blue Danube, Op. 314	Peter Falk: Vienna Opera Orchestra	Classical
Strauss Jr. (J): Die Fledermaus - The Laughing Song	Charlotte Church	Classical
Strauss Jr. (J): Leichtes Blut, Op. 319	Peter Falk: Vienna Volksoper Orchestra	Classical
Strauss Jr. (J): Love Songs, Op. 114	Carl Michalski: Vienna Opera Orchestra	Classical
Strauss Jr. (J): Pizzicato Polka	Peter Falk: Orchestra Of The Vienna Volksoper	Classical
Strauss Jr. (J): Tritsch-Tratsch Polka, Op. 214	Joseph Francek: Vienna Strauss Orchestra	Classical
Strauss Jr. (J): Vienna Bonbons, Op. 307	Orchestra Of The Vienna Volksoper	Classical
Strauss Sr. (J): Radetzky March, Op. 228	Wiener Oper Orchester	Classical
The Street Fighting Man	Santa Esmeralda	Pop
Strike It Up	Black Box	Electronica/Dance
Stronger Than Me	Melissa Etheridge	Rock
Suavemente (Hot Head Mix)	Elvis Crespo	Latin
Suerte (Whenever, Wherever)	Shakira	Latin
Sugartime	The McGuire Sisters	Easy Listening
Sull'aria ("Letter Aria")	Wolfgang Amadeus Mozart	Classical
Summer Lovers	The Rippingtons	Jazz
Summer Night City	ABBA	Pop
Summer Nights	Marianne Faithfull	Rock
Summer Of '69	Bryan Adams	Rock
Summer Of 300 Years [Excerpt]	2002	New Age
Summer's Child	David Lanz	New Age
Summer's Child	David Lanz	New Age
The Sun At Midnight	Cheryl Gunn	New Age
Sunchyme	Dario G	Electronica/Dance
Sunday Girl	Blondie	Rock
Sundial Dreams	Kevin Kern	Classical
Sunflowers	TIAN	Classical
Super Chief-Polka	Jimmy Sturr	Jazz
Super Trouper	A*Teens	Pop
Super Trouper	ABBA	Pop
Superstar	Rod Stewart	Rock
Surfer Girl	Papa Doo Run Run	Rock
Surfin' U.S.A.	Papa Doo Run Run	Rock
Susan When She Tried	Elvis Presley	Country
Süßer die Glocken nie klingen	Fischer Chöre	Holiday
Süßer die Glocken nie klingen	Various Artists	Holiday
Sweet Caroline	Neil Diamond	Rock
Sweet Dreams (Club Mix)	La Bouche	Electronica/Dance
Sweet Return	Hilary Stagg	New Age
Sweet Sixteen	Billy Idol	Rock
Sweet Sixteen	Billy Idol	Rock
Sweet Surrender	3rd Force	New Age
Sweet Surrender [Live]	John Denver	Rock
Swept Away	Yanni	New Age
Take A Chance On Me	A*Teens	Pop
Take A Chance On Me	ABBA	Pop
Take Me Home Country Roads	John Denver	Rock
Take My Life And Let It Be	Guideposts	Books & Spoken
Take The High Road	David Lanz	New Age
Tale Of Two Lovers	Nicholas Gunn	New Age
Tales From The Vienna Woods, Op.325	Franz Welser-Möst; London Philharmonic Orchestra	Classical
Tango in Barbados	David Benoit	Jazz
Tanz' Mit Mir (Remixed By DJ Peco)	Jeannine	Unclassifiable
Taos	The Rippingtons	Jazz
A Taste Of Honey	Herb Alpert & The Tijuana Brass	Easy Listening
Tausend Gefühle	Rendez-Vous	Unclassifiable
Tea-House Moon	Enya	New Age
Tears Of Joy	Govi	New Age
Tell Him	Barbra Streisand & Celine Dion	Easy Listening
Tell Him	Vonda Shepard	Rock
Tell Him - Exciters	The Exciters	Rock
Tell Me There's A Heaven	Chris Rea	Rock
Tell Me Why	Wynonna	Country
Tender Heart	Lionel Richie	Rock
Tennessee Waltz	Patti Page	Easy Listening
Tennessee Waltz	Patti Page	Pop
Terezinha	Cesaria Evora	World
Terry T.	Larry Carlton	Jazz
Thank You For The Music	ABBA	Pop
That Place In Your Heart	Ronan Hardiman	World
That's The Way It Is	Celine Dion	Pop
That's What You Said	Phil Collins	Pop
That's Why We Praise Him	Tommy Walker	Gospel & Religious
There For Me	Sarah Brightman	Pop
There Goes My Everything	Elvis Presley	Country
There Is A Redeemer	Keith Green	Gospel & Religious
There Is None Like You	Lenny LeBlanc	Gospel & Religious
There You Go Again	Kenny Rogers	Country
There's A Storm Coming	Soul Ballet	Jazz
There's No Place Like Home	Vince Gill & Olivia Newton-John	Holiday
Think Twice	Celine Dion	Pop
Think Twice	Celine Dion & Peabo Bryson	Pop
Third Of Its Kind	Enigma	New Age
This Is My Father's World	Guideposts	Books & Spoken
This Is The Day	Ed Gungor	Gospel & Religious
This Is Where I Belong	Bryan Adams	Soundtrack
This Little Bird	Marianne Faithfull	Rock
This Old Heart Of Mine	Rod Stewart	Rock
This Way	Jewel	Pop
Three Of A Kind	Kenny G	Jazz
Three Sisters	Eko	New Age
Through The Arbor	Kevin Kern	Classical
Through Your Eyes	Shahin & Sepehr	Jazz
Through Your Eyes	Shahin & Sepehr	New Age
Thru The Trees/Cloudless Sky	Ottmar Liebert	World
Thy Word	Amy Grant	Gospel & Religious
Thy Word	Amy Grant	Gospel & Religious
The Tide Is High	Blondie	Rock
The Tide Is High	Blondie	Rock
Tigris Palace	NovaMenco	World
Tijuana Taxi	Herb Alpert & The Tijuana Brass	Easy Listening
Till I Loved You	Barbra Streisand, Don Johnson	Easy Listening
Time For Letting Go	Billy Ray Cyrus	Country
Time To Say Goodbye	Sarah Brightman, Andrea Bocelli	Pop
Time Windows	Danny Wright	New Age
'Tis So Sweet To Trust In Jesus	Guideposts	Books & Spoken
To All The Girls I've Loved Before (With Willie Nelson)	Julio Iglesias	Latin
To Be A Lover	Billy Idol	Rock
To Be A Lover	Billy Idol	Rock
To Be With You	The John Tesh Project	Gospel & Religious
To Daddy	Dolly Parton	Country
To God Be The Glory	Hymns	Gospel & Religious
To Love Again (Si Tu M'Aimes)	Lara Fabian	Pop
To Love You More	Celine Dion	Pop
To Take...To Hold	Yanni	New Age
To Take...To Hold	Yanni	New Age
To The One Who Knows	Yanni	New Age
To The One Who Knows	Yanni	New Age
To Where You Are	Josh Groban	Classical
Todo, Todo, Todo	Daniela Romo	Latin
Together Again	Peter White	Jazz
Tonight I Celebrate My Love (Piano)	Carl Doy	New Age
Tonight She Comes	The Cars	Rock
Tonight's The Night (Gonna Be Alright)	Rod Stewart	Rock
Too Late	The Alan Parsons Project	Rock
Too Late, Too Soon [Dance Version]	Jon Secada	Latin
Too Old To Cut The Mustard	Jimmy Sturr	Jazz
Torero	Govi	New Age
Torero	Govi	World
Toselli: Serenade #1, Op. 6	André Rieu	Classical
Trad: Carrickfergus	Charlotte Church	Classical
Trail Of Tears	Billy Ray Cyrus	Country
The Trail We Blaze	Elton John	Soundtrack
Trainwreck Of Emotion	Lorrie Morgan	Country
Trainwreck Of Emotion	Lorrie Morgan	Country
Travelin' Man - Ricky Nelson	Ricky Nelson	Rock
Treasure Bay	Govi	New Age
Tren De Lujo Polca Op.281	Orchestra Of The Vienna Volksoper	Classical
Trinidad	Boney James	Jazz
Trois Marches Héroïques D602, No. 3 in D Major : Moderato	Christoph Eschenbach & Justus Frantz piano duet	Classical
Trois Marches Militaires D. 733 [1](Allegro vivace) D-dur	Christoph Eschenbach, Justus Franz, Helmut Schmidt; London Philharmonic Orchestra	Classical
Trois Marches Militaires D. 733 [3](Allegro moderato) Es-dur	Christoph Eschenbach, Justus Franz, Helmut Schmidt; London Philharmonic Orchestra	Classical
True Love	Anne Murray	Country
True Nature	Yanni	New Age
Trumpet Tune	Alex De Grassi	Holiday
Trust And Obey	Guideposts	Books & Spoken
Truth Of The Heart	Melissa Etheridge	Rock
Tu Quieres Volver	Gipsy Kings	World
Tu Quieres Volver	Sarah Brightman	Pop
Tu Vacio	Enrique Iglesias	Latin
Tu Vacio	Enrique Iglesias	Latin
Turn Off The Light (Dataluxe Remix)	Nelly Furtado	Electronica/Dance
Turn The Tide	Sylver	Electronica/Dance
Turn Your Eyes Upon Jesus	Guideposts	Books & Spoken
Tuscany	Suzanne Ciani	New Age
Un Amor	Gipsy Kings	World
Un Canto A Galicia	Julio Iglesias	Latin
Un Jour Il Viendra	Sarah Brightman	Pop
Un-Break My Heart (Soul Solution & Hex Hector Uptempo Mix)	Toni Braxton	Electronica/Dance
Unchained Melody	LeAnn Rimes	Country
Unchained Melody	Les Baxter	Pop
Unchained Melody	Richard Clayderman	Easy Listening
Under A Spanish Moon	The Rippingtons	Jazz
Underneath Your Clothes	Shakira	Latin
Unexpected Song	Sarah Brightman	Pop
Unspoken	Danny Wright	New Age
Unspoken Words	Richard Elliot	Jazz
Until The Last Moment	Yanni	New Age
Untitled	Various Artists	Easy Listening
Up On The Housetop	The Christmas Chorale	Holiday
Vals De Los Enamorados Vals Op.418	Orchestra Of The Vienna Volksoper	Classical
Variations on a Theme from Pachelbel's Canon in D Major	David Lanz	New Age
Vas A Querer	Los Fantasmas Del Caribe	Soundtrack
Vaya Con Dios	Les Paul & Mary Ford	Pop
Ven A Mi (Come To Me) (Spanish Version)	Ricky Martin	Latin
Venus	Frankie Avalon	Easy Listening
Verdi: I Lombardi - La Mia Letizia Infondere Vorrei	Andrea Bocelli	Classical
Verdi: Il Trovatore - Ah si, ben mio...Di quella pira	Placido Domingo, Rosalind Plowright; Carlo Maria Giulini: Santa Cecilia Academy Orchestra & Chorus	Classical
Verdi: La Traviata - Oh Mio Rimorso!	Andrea Bocelli	Classical
Verdi: Requiem Mass - Ingemisco	Andrea Bocelli	Holiday
Verdi: Rigoletto - La Donna E Mobile	Andrea Bocelli	Classical
Verdi: Rigoletto - La Donna E Mobile	Plácido Domingo, Nicolai Ghiaurov, Etc.; Carlo Maria Giulini: Vienna Philharmonic Orchestra	Classical
Victory In Jesus	Guideposts	Books & Spoken
Vida De Artista Vals Op.316	Orchestra Of The Vienna Volksoper	Classical
Vientos del Sur	Oscar Lopez	Latin
Vincent	Josh Groban	Classical
Viva La Vida	Govi	New Age
Viva La Vida	Govi	New Age
Vivaldi: Violin Concerto In F Minor, Op. 8/4, RV 297, "The Four Seasons (Winter)" - Largo	Michel Schwalbe; Herbert Von Karajan: Berlin Philharmonic Orchestra	Classical
Vivire Y Morire	Enrique Iglesias	Latin
Voces De Primavera Vals Op.410	Orchestra Of The Vienna Volksoper	Classical
Voi che sapete	Wolfgang Amadeus Mozart	Classical
The Voice Of Enigma	Enigma	Electronica/Dance
A Volte Il Cuore	Andrea Bocelli	Classical
Volvere	Enrique Iglesias	Latin
Voulez-Vous	A*Teens	Pop
Vuela Alto	Julio Iglesias	Latin
Wade: Adeste Fideles	Andrea Bocelli	Holiday
Wade: Adeste Fideles	Plácido Domingo, Jose Carreras; Vjekoslav Sutej: Vienna Symphony Orchestra	Holiday
The Wages Of Sin	Santa Esmeralda	Pop
Wagner: Wesendonk Lieder, WWV 91/1 - Der Engel	Andrea Bocelli	Holiday
Waking Hour	Nicholas Gunn	New Age
Walk Along With Me		Rock
Walk Away	Danny Wright	New Age
Walk Away Renee	Vonda Shepard	Rock
Walk With You	Della Reese & The Verity All-Stars	Soundtrack
Walkin' Thru The Rain	Soul Ballet	Jazz
Walking On Air	Bee Gees	Pop
Waltz in A flat	Various Artists	Classical
Waltz in A minor, Op. posth.	Helge Antoni	Classical
Waltz in E sharp minor	Helge Antoni	Classical
Waltz of the Flowers	Arthur Fiedler: Boston Pops Orchestra	Holiday
Wanted	Anne Murray	Country
Warm Ways	Fleetwood Mac	Rock
Water from the Moon	David Lanz	New Age
Water Runs Dry	Chuck Loeb	Jazz
Watermark	Enya	New Age
Watermark	Symphony Orchestra	Easy Listening
Watermark (Enya)	Steven C.	New Age
The Way Old Friends Do	ABBA	Pop
The Way To My Heart	David London	New Age
The Way To My Heart	Mandy Moore	Pop
The Wayward Wind	Anne Murray	Country
Wayward Wind, The	Gogi Grant	Pop
We Are Family	Groove Criminals	Electronica/Dance
We Both Walk	Lorrie Morgan	Country
We Both Walk	Lorrie Morgan	Country
We Bow Down	Twila Paris	Gospel & Religious
We Bring The Sacrifice Of Praise	The Maranatha! Singers	Gospel & Religious
We Give Thanks	Bob Kauflin	Gospel & Religious
We Three Kings	Barbara Higbie	Holiday
We Three Kings	Nashville Keyboard Section	Holiday
We Will Glorify	Twila Paris	Gospel & Religious
We Worship And Adore Thee	The Maranatha! Singers	Gospel & Religious
We're Gonna Hold on	Tammy Wynette & George Jones	Country
Wedding Day	Bee Gees	Pop
Weihnachten bin ich zu Haus	Fischer Chöre	Holiday
Weihnachtskonzert	Richard Clayderman	Holiday
Weil Du Bist Wie Du Bist	Tommy Fischer	Unclassifiable
Werente Serigne	Orchestra Baobab	World
What A Friend We Have In Jesus	Dalton	Gospel & Religious
What A Friend We Have In Jesus	Guideposts	Books & Spoken
What A Friend We Have In Jesus	The John Tesh Project	Gospel & Religious
What A Wonderful Beginning	Kenny Rogers	Holiday
What a Wonderful World	José Carreras, Natalie Cole & Plácido Domingo	Holiday
What Child Is This	Charlotte Church	Holiday
What Child Is This?	David Lanz	Holiday
What Child is This?	José Carreras, Natalie Cole & Plácido Domingo	Holiday
What Child Is This?	Martina McBride	Holiday
What Is Love	Haddaway	Pop
What Is Love		Rock
What Is Love (Rapino Brothers Mix)	Haddaway	Pop
What Kind Of Fool	Barbra Streisand & Barry Gibb	Easy Listening
What Now My Love	Willie Nelson	Country
What Part Of No	Lorrie Morgan	Country
What You Did For Me	Nikki Leonti	Gospel & Religious
When A Child Is Born	Charlotte Church	Holiday
When All Is Said And Done	ABBA	Pop
When I Fall In Love	Anne Murray	Country
When I Look Into Your Holiness	The Maranatha! Singers	Gospel & Religious
When My Blue Moon Turns To Gold Again	Elvis Presley	Country
When She Moves	Soul Ballet	Jazz
When The Money's Gone	Cher	Electronica/Dance
When We Were The New Boys	Rod Stewart	Rock
When Will I See You Again	John Adorney	Jazz
When You Tell Me That You Love Me	Julio Iglesias	Latin
Whenever, Wherever	Shakira	Latin
Where Do Broken Hearts Go	Whitney Houston	R&B
Whipped Cream	Herb Alpert & The Tijuana Brass	Easy Listening
Whispers In The Dark	Yanni	New Age
White Boots	The Vaughan Brothers	Blues
White Christmas	Larry Carlton	Holiday
White Christmas	Placido Domingo & Diana Ross	Holiday
White Christmas	Richard Clayderman	Holiday
White Christmas	Various Artists	Holiday
A White Sport Coat (And A Pink Carnation)	Marty Robbins	Easy Listening
White Wedding	Billy Idol	Rock
A Whiter Shade of Pale	David Lanz	New Age
Whiter Than Snow	Guideposts	Books & Spoken
Whitewash County	Elton John	Pop
Who's That Lady	Peter White	Jazz
Why! ...	Enigma	New Age
Why! ...		Rock
Wie Ein Leuchtturm	Marianne Rosenberg	Unclassifiable
Wiegenlied	Plácido Domingo	Holiday
Wild Child	Enya	New Age
Wild Montana Skies	John Denver	Rock
Wild World	Shahin & Sepehr	World
Wild World (Remix)	Shahin & Sepehr	New Age
Will You Still Love Me Tomorrow	Peter White	Jazz
The Wind Beneath My Wings	Kenny Rogers	Country
Wind Beneath My Wings	Richard Clayderman	Easy Listening
Wings Of A Dove	Dolly Parton, Loretta Lynn & Tammy Wynette	Country
The Winner Takes It All	ABBA	Pop
Winter Wonderland	Amy Grant	Holiday
Winter Wonderland	Charlotte Church	Holiday
Winter Wonderland	Larry Carlton	Holiday
Winter Wonderland	Natalie Cole	Holiday
Wir fahren mit der Bimmelbahn	Fischer Chöre	Holiday
Wishing You Were Somehow Here Again	Sarah Brightman	Pop
Wishing You Were Somehow Here Again	Sarah Brightman	Soundtrack
With You In Mind	Marianne Faithfull	Rock
Without Question	Elton John	Soundtrack
Without You	Harry Nilsson	Easy Listening
A Woman's Needs (with Elton John)	Tammy Wynette	Country
Wonderland	Paul Hardcastle	Jazz
A Word In Private	Yanni	New Age
Words By Heart	Billy Ray Cyrus	Country
Worhty, You Ar Worthy	Don Moen	Gospel & Religious
Worked It Out Wrong	Chris Isaak	Rock
Worlds Apart	Ronan Hardiman	World
Wouldn't That Be Fine	Nanci Griffith	Folk
Written In The Stars	Elton John & LeAnn Rimes	Soundtrack
Wrong		Rock
Wrong (Todd Terry Remix)		Rock
Wünsche und Gedanken	Fischer Chöre	Holiday
Xanadu	Olivia Newton-John & Electric Light Orchestra	Pop
Y.M.C.A.	Groove Criminals	Electronica/Dance
Y.M.C.A.	The Village People	Pop
Yasmine	Shahin & Sepehr	New Age
Yellow Roses	Dolly Parton	Country
Yes (HQ2 Big Room Club Mix)	Amber	Electronica/Dance
Yesterday	LeAnn Rimes	Country
Yesterday	Marianne Faithfull	Rock
Yesterday's Songs	Neil Diamond	Pop
Yira, Yira	Julio Iglesias	Latin
You Are My All In All	Dennis Jernigan	Gospel & Religious
You Are My Hiding Place	The Maranatha! Singers	Gospel & Religious
You Are So Beautiful	Kenny Rogers	Country
You Asked Me To	Elvis Presley	Country
You Belong To Me	Anne Murray	Country
You Belong to Me	Jo Stafford	Easy Listening
You Don't Bring Me Flowers	Neil Diamond,Barbra Streisand	Easy Listening
You Don't Bring Me Flowers	Neil Diamond,Barbra Streisand	Pop
You Don't Know	Cyndi Lauper	Rock
You Keep Me Hanging On		Rock
You Know My Heart	3rd Force	New Age
You Light Up My Life	Kenny Rogers	Country
You Make My Dreams	Hall & Oates	Rock
You Might Think	The Cars	Rock
You Might Think	The Cars	Rock
You Only Live Once	Yanni	New Age
You Should Be Dancing	Groove Criminals	Electronica/Dance
You're In My Heart (The Final Acclaim)	Rod Stewart	Rock
You're My Everything	Santa Esmeralda	Pop
You're Still You	Josh Groban	Classical
You're Worthy Of My Praise	David Ruis	Gospel & Religious
Young Turks	Rod Stewart	Rock
Your Love	Jim Brickman	New Age
Your Love	Jim Brickman Feat. Michelle Wright	New Age
Your Song	Elton John	Pop
Your Song	Elton John	Easy Listening
Zorba The Greek	Herb Alpert & The Tijuana Brass	Easy Listening
1000 & 1 Nights	Shahin & Sepehr	New Age
